Workbook

Sheet Resumen v2
J3: Fecha | K3: Semana del año
J4: =+TODAY() -> 46308 | K4: =+WEEKNUM(J4) -> 42 | X4: A | Y4: B | AD4: Ifs
X5: 1.5 | Y5: 1.5 | AD5: Si a o b es menor o igual a 0, entonces 0 | AG5: =+IF(AA7<0,0,1) -> 1 | AH5: =+IF(AB7<0,0,1) -> 1
H6: Codigo | I6: Mes | J6: Semana (etiqueta) | K6: Semana | L6: Tipo de Semana | M6: NOMBRE | N6: Horas Efectivas | O6: Ordinarias Semana Completa | P6: Ordinarias Semana Dividida | Q6: Ordinarias Total | R6: Excedente/Faltante | S6: Sistema | T6: Proporción Dia | U6: Proporción Noche | V6: Saldo Horas Dia | W6: Saldo Horas Noche | X6: Multiplicador día (1.5) | Y6: Multiplicador Noche (2) | AD6: Si a es mayor a cero y b es menor a cero, sacar suma, si la suma es menor a 0, entonces 0 | AG6: =+IF(AA7+AB7<0,0,AA7+AB7) -> 67.125
H7: =+I7&J7&K7&M7 -> SEPTIEMBRESem3838GUZMÁN MORALES EDGAR RICARDO | I7: =+_xlfn.XLOOKUP(K7,DetalleCalculos!W:W,DetalleCalculos!S:S,"",0,1) -> SEPTIEMBRE | J7: =+"Sem"&K7 -> Sem38 | K7: =+$H$17 -> 38 | L7: =+IF(_xlfn.XLOOKUP(K7,DetalleCalculos!W:W,DetalleCalculos!U:U,0,0,1)=7,1,2) -> 1 | M7: GUZMÁN MORALES EDGAR RICARDO | N7: =SUMIFS(DetalleCalculos!$N:$N,DetalleCalculos!$W:$W,$K7,DetalleCalculos!$H:$H,$M7)*24 -> 49 | O7: =SUMIFS(DetalleCalculos!$P:$P,DetalleCalculos!$W:$W,$K7,DetalleCalculos!$H:$H,$M7) -> 44 | P7: =SUMIFS(DetalleCalculos!$Q:$Q,DetalleCalculos!$W:$W,$K7,DetalleCalculos!$H:$H,$M7) -> 0 | Q7: =+IF(L7=1,O7,P7) -> 44 | R7: =+IF(N7-Q7<=0,0,N7-Q7) -> 5 | S7: =_xlfn.XLOOKUP($J7&$K7&$M7,DetalleCalculos!$B:$B,DetalleCalculos!$O:$O,"",0,1) -> 5-0-2 | T7: =+_xlfn.XLOOKUP($S7,'Horarios y Sistemas'!$C:$C,'Horarios y Sistemas'!M:M,0,0,1) -> 1 | U7: =1-T7 -> 0 | V7: =+T7*R7 -> 5 | W7: =+U7*R7 -> 0 | X7: =+V7*X$5 -> 7.5 | Y7: =+W7*Y$5 -> 0 | Z7: Neto Periodo | AA7: =+SUM(X7:X9) -> 36.75 | AB7: =+SUM(Y7:Y9) -> 30.375
H8: =+I8&J8&K8&M8 -> SEPTIEMBRESem3939GUZMÁN MORALES EDGAR RICARDO | I8: =+_xlfn.XLOOKUP(K8,DetalleCalculos!W:W,DetalleCalculos!S:S,"",0,1) -> SEPTIEMBRE | J8: =+"Sem"&K8 -> Sem39 | K8: =+$H$18 -> 39 | L8: =+IF(_xlfn.XLOOKUP(K8,DetalleCalculos!W:W,DetalleCalculos!U:U,0,0,1)=7,1,2) -> 1 | M8: =$M$7 -> GUZMÁN MORALES EDGAR RICARDO | N8: =SUMIFS(DetalleCalculos!$N:$N,DetalleCalculos!$W:$W,$K8,DetalleCalculos!$H:$H,$M8)*24 -> 56.25 | O8: =SUMIFS(DetalleCalculos!$P:$P,DetalleCalculos!$W:$W,$K8,DetalleCalculos!$H:$H,$M8) -> 36 | P8: =SUMIFS(DetalleCalculos!$Q:$Q,DetalleCalculos!$W:$W,$K8,DetalleCalculos!$H:$H,$M8) -> 0 | Q8: =+IF(L8=1,O8,P8) -> 36 | R8: =+IF(N8-Q8<=0,0,N8-Q8) -> 20.25 | S8: =_xlfn.XLOOKUP($J8&$K8&$M8,DetalleCalculos!$B:$B,DetalleCalculos!$O:$O,"",0,1) -> 0-5-2 | T8: =+_xlfn.XLOOKUP($S8,'Horarios y Sistemas'!$C:$C,'Horarios y Sistemas'!M:M,0,0,1) -> 0 | U8: =1-T8 -> 1 | V8: =+T8*R8 -> 0 | W8: =+U8*R8 -> 20.25 | X8: =+V8*X$5 -> 0 | Y8: =+W8*Y$5 -> 30.375 | Z8: Neto Periodo Proporcional | AA8: =+IF(AA7<=0,0,IF(AND(AA7>AB7,AB7<=0),IF(AA7+AB7>0,AA7+AB7,0),IF(AND(AA7>0,AB7>0),AA7,0))) -> 36.75 | AB8: =+IF(AB7<=0,0,IF(AND(AB7>AA7,AA7<=0),IF(AB7+AA7>0,AB7+AA7,0),IF(AND(AB7>0,AA7>0),AB7,0))) -> 30.375 | AC8: Horas Extras Finales | AD8: =+AA8/$X$5 -> 24.5 | AE8: =+AB8/$Y$5 -> 20.25
H9: =+I9&J9&K9&M9 -> SEPTIEMBRESem4040GUZMÁN MORALES EDGAR RICARDO | I9: =+_xlfn.XLOOKUP(K9,DetalleCalculos!W:W,DetalleCalculos!S:S,"",0,1) -> SEPTIEMBRE | J9: =+"Sem"&K9 -> Sem40 | K9: =+$H$19 -> 40 | L9: =+IF(_xlfn.XLOOKUP(K9,DetalleCalculos!W:W,DetalleCalculos!U:U,0,0,1)=7,1,2) -> 1 | M9: =$M$7 -> GUZMÁN MORALES EDGAR RICARDO | N9: =SUMIFS(DetalleCalculos!$N:$N,DetalleCalculos!$W:$W,$K9,DetalleCalculos!$H:$H,$M9)*24 -> 63.5 | O9: =SUMIFS(DetalleCalculos!$P:$P,DetalleCalculos!$W:$W,$K9,DetalleCalculos!$H:$H,$M9) -> 44 | P9: =SUMIFS(DetalleCalculos!$Q:$Q,DetalleCalculos!$W:$W,$K9,DetalleCalculos!$H:$H,$M9) -> 0 | Q9: =+IF(L9=1,O9,P9) -> 44 | R9: =+IF(N9-Q9<=0,0,N9-Q9) -> 19.5 | S9: =_xlfn.XLOOKUP($J9&$K9&$M9,DetalleCalculos!$B:$B,DetalleCalculos!$O:$O,"",0,1) -> 6-0-1 | T9: =+_xlfn.XLOOKUP($S9,'Horarios y Sistemas'!$C:$C,'Horarios y Sistemas'!M:M,0,0,1) -> 1 | U9: =1-T9 -> 0 | V9: =+T9*R9 -> 19.5 | W9: =+U9*R9 -> 0 | X9: =+V9*X$5 -> 29.25 | Y9: =+W9*Y$5 -> 0
N10: =+SUM(N7:N9) -> 168.75 | Q10: =+SUM(Q7:Q9) -> 124 | R10: =+N10-Q10 -> 44.75
Q15: =4*9.5 -> 38
G16: Semanas del periodo (ISO)
G17: Semana 1 | H17: 38
G18: Semana 2 | H18: 39
G19: Semana 3 | H19: 40
B20: Horas Extras Finales
B21: TOTAL (COMO NÚMERO NO HORA) | C21: =+SUM(C23:C89) -> 781.25861 | D21: =+SUM(D23:D89) -> 688.52472 | E21: =+SUM(C21:D21) -> 1469.7833 | F21: =+IF(E21-AE22=0,"SI","NO") -> SI | AC21: Dia | AD21: Noche | AE21: Total
B22: EMPLEADO | C22: Dia | D22: Noche | E22: Total 3 Semanas | H22: Codigo | I22: Mes | J22: Semana (etiqueta) | K22: Semana | L22: Tipo de Semana | M22: NOMBRE | N22: Horas Efectivas | O22: Ordinarias Semana Completa | P22: Ordinarias Semana Dividida | Q22: Ordinarias Total | R22: Excedente/Faltante | S22: Sistema | T22: Proporción Dia | U22: Proporción Noche | V22: Saldo Horas Dia | W22: Saldo Horas Noche | X22: Multiplicador día (1.5) | Y22: Multiplicador Noche (2) | AC22: =+SUMIF($AC$23:$AC$223,$AC$24,AD23:AD223) -> 781.25861 | AD22: =+SUMIF($AC$23:$AC$223,$AC$24,AE23:AE223) -> 688.52472 | AE22: =+AC22+AD22 -> 1469.7833
B23: ADOLFO DE JESUS LOPEZ CHAVEZ | C23: =+SUMIFS(AD$23:AD$223,$M$23:$M$223,$B23,$AC$23:$AC$223,$B$20) -> 24.5 | D23: =+SUMIFS(AE$23:AE$223,$M$23:$M$223,$B23,$AC$23:$AC$223,$B$20) -> 20.25 | E23: =+SUM(C23:D23) -> 44.75 | H23: =+I23&J23&K23&M23 -> SEPTIEMBRESem3838ADOLFO DE JESUS LOPEZ CHAVEZ | I23: =+_xlfn.XLOOKUP(K23,DetalleCalculos!W:W,DetalleCalculos!S:S,"",0,1) -> SEPTIEMBRE | J23: =+"Sem"&K23 -> Sem38 | K23: =+$H$17 -> 38 | L23: =+IF(_xlfn.XLOOKUP(K23,DetalleCalculos!W:W,DetalleCalculos!U:U,0,0,1)=7,1,2) -> 1 | M23: {=+INDEX($B$23:$B$89,ROUNDUP((ROW()-22)/3,0))} -> ADOLFO DE JESUS LOPEZ CHAVEZ | N23: =SUMIFS(DetalleCalculos!$N:$N,DetalleCalculos!$W:$W,$K23,DetalleCalculos!$H:$H,$M23)*24 -> 49 | O23: =SUMIFS(DetalleCalculos!$P:$P,DetalleCalculos!$W:$W,$K23,DetalleCalculos!$H:$H,$M23) -> 44 | P23: =SUMIFS(DetalleCalculos!$Q:$Q,DetalleCalculos!$W:$W,$K23,DetalleCalculos!$H:$H,$M23) -> 0 | Q23: =+IF(L23=1,O23,P23) -> 44 | R23: =+IF(N23-Q23<=0,0,N23-Q23) -> 5 | S23: =_xlfn.XLOOKUP($J23&$K23&$M23,DetalleCalculos!$B:$B,DetalleCalculos!$O:$O,"",0,1) -> 5-0-2 | T23: =+_xlfn.XLOOKUP($S23,'Horarios y Sistemas'!$C:$C,'Horarios y Sistemas'!M:M,0,0,1) -> 1 | U23: =1-T23 -> 0 | V23: =+T23*R23 -> 5 | W23: =+U23*R23 -> 0 | X23: =+V23*X$5 -> 7.5 | Y23: =+W23*Y$5 -> 0 | Z23: Neto Periodo | AA23: =+SUM(X23:X25) -> 36.75 | AB23: =+SUM(Y23:Y25) -> 30.375
B24: AMILCAR EDELBERTO LOPEZ AROCHE | C24: =+SUMIFS(AD$23:AD$223,$M$23:$M$223,$B24,$AC$23:$AC$223,$B$20) -> 18.75 | D24: =+SUMIFS(AE$23:AE$223,$M$23:$M$223,$B24,$AC$23:$AC$223,$B$20) -> 21.25 | E24: =+SUM(C24:D24) -> 40 | H24: =+I24&J24&K24&M24 -> SEPTIEMBRESem3939ADOLFO DE JESUS LOPEZ CHAVEZ | I24: =+_xlfn.XLOOKUP(K24,DetalleCalculos!W:W,DetalleCalculos!S:S,"",0,1) -> SEPTIEMBRE | J24: =+"Sem"&K24 -> Sem39 | K24: =+$H$18 -> 39 | L24: =+IF(_xlfn.XLOOKUP(K24,DetalleCalculos!W:W,DetalleCalculos!U:U,0,0,1)=7,1,2) -> 1 | M24: {=+INDEX($B$23:$B$89,ROUNDUP((ROW()-22)/3,0))} -> ADOLFO DE JESUS LOPEZ CHAVEZ | N24: =SUMIFS(DetalleCalculos!$N:$N,DetalleCalculos!$W:$W,$K24,DetalleCalculos!$H:$H,$M24)*24 -> 56.25 | O24: =SUMIFS(DetalleCalculos!$P:$P,DetalleCalculos!$W:$W,$K24,DetalleCalculos!$H:$H,$M24) -> 36 | P24: =SUMIFS(DetalleCalculos!$Q:$Q,DetalleCalculos!$W:$W,$K24,DetalleCalculos!$H:$H,$M24) -> 0 | Q24: =+IF(L24=1,O24,P24) -> 36 | R24: =+IF(N24-Q24<=0,0,N24-Q24) -> 20.25 | S24: =_xlfn.XLOOKUP($J24&$K24&$M24,DetalleCalculos!$B:$B,DetalleCalculos!$O:$O,"",0,1) -> 0-5-2 | T24: =+_xlfn.XLOOKUP($S24,'Horarios y Sistemas'!$C:$C,'Horarios y Sistemas'!M:M,0,0,1) -> 0 | U24: =1-T24 -> 1 | V24: =+T24*R24 -> 0 | W24: =+U24*R24 -> 20.25 | X24: =+V24*X$5 -> 0 | Y24: =+W24*Y$5 -> 30.375 | Z24: Neto Periodo Proporcional | AA24: =+IF(AA23<=0,0,IF(AND(AA23>AB23,AB23<=0),IF(AA23+AB23>0,AA23+AB23,0),IF(AND(AA23>0,AB23>0),AA23,0))) -> 36.75 | AB24: =+IF(AB23<=0,0,IF(AND(AB23>AA23,AA23<=0),IF(AB23+AA23>0,AB23+AA23,0),IF(AND(AB23>0,AA23>0),AB23,0))) -> 30.375 | AC24: Horas Extras Finales | AD24: =+AA24/$X$5 -> 24.5 | AE24: =+AB24/$Y$5 -> 20.25
B25: BAYRON AMILCAR JIMENEZ VEGA | C25: =+SUMIFS(AD$23:AD$223,$M$23:$M$223,$B25,$AC$23:$AC$223,$B$20) -> 0 | D25: =+SUMIFS(AE$23:AE$223,$M$23:$M$223,$B25,$AC$23:$AC$223,$B$20) -> 9 | E25: =+SUM(C25:D25) -> 9 | H25: =+I25&J25&K25&M25 -> SEPTIEMBRESem4040ADOLFO DE JESUS LOPEZ CHAVEZ | I25: =+_xlfn.XLOOKUP(K25,DetalleCalculos!W:W,DetalleCalculos!S:S,"",0,1) -> SEPTIEMBRE | J25: =+"Sem"&K25 -> Sem40 | K25: =+$H$19 -> 40 | L25: =+IF(_xlfn.XLOOKUP(K25,DetalleCalculos!W:W,DetalleCalculos!U:U,0,0,1)=7,1,2) -> 1 | M25: {=+INDEX($B$23:$B$89,ROUNDUP((ROW()-22)/3,0))} -> ADOLFO DE JESUS LOPEZ CHAVEZ | N25: =SUMIFS(DetalleCalculos!$N:$N,DetalleCalculos!$W:$W,$K25,DetalleCalculos!$H:$H,$M25)*24 -> 63.5 | O25: =SUMIFS(DetalleCalculos!$P:$P,DetalleCalculos!$W:$W,$K25,DetalleCalculos!$H:$H,$M25) -> 44 | P25: =SUMIFS(DetalleCalculos!$Q:$Q,DetalleCalculos!$W:$W,$K25,DetalleCalculos!$H:$H,$M25) -> 0 | Q25: =+IF(L25=1,O25,P25) -> 44 | R25: =+IF(N25-Q25<=0,0,N25-Q25) -> 19.5 | S25: =_xlfn.XLOOKUP($J25&$K25&$M25,DetalleCalculos!$B:$B,DetalleCalculos!$O:$O,"",0,1) -> 6-0-1 | T25: =+_xlfn.XLOOKUP($S25,'Horarios y Sistemas'!$C:$C,'Horarios y Sistemas'!M:M,0,0,1) -> 1 | U25: =1-T25 -> 0 | V25: =+T25*R25 -> 19.5 | W25: =+U25*R25 -> 0 | X25: =+V25*X$5 -> 29.25 | Y25: =+W25*Y$5 -> 0
B26: BRYAN GEOVANI PELEN MAYEN | C26: =+SUMIFS(AD$23:AD$223,$M$23:$M$223,$B26,$AC$23:$AC$223,$B$20) -> 18.75 | D26: =+SUMIFS(AE$23:AE$223,$M$23:$M$223,$B26,$AC$23:$AC$223,$B$20) -> 21.25 | E26: =+SUM(C26:D26) -> 40 | H26: =+I26&J26&K26&M26 -> SEPTIEMBRESem3838AMILCAR EDELBERTO LOPEZ AROCHE | I26: =+_xlfn.XLOOKUP(K26,DetalleCalculos!W:W,DetalleCalculos!S:S,"",0,1) -> SEPTIEMBRE | J26: =+"Sem"&K26 -> Sem38 | K26: =+$H$17 -> 38 | L26: =+IF(_xlfn.XLOOKUP(K26,DetalleCalculos!W:W,DetalleCalculos!U:U,0,0,1)=7,1,2) -> 1 | M26: {=+INDEX($B$23:$B$89,ROUNDUP((ROW()-22)/3,0))} -> AMILCAR EDELBERTO LOPEZ AROCHE | N26: =SUMIFS(DetalleCalculos!$N:$N,DetalleCalculos!$W:$W,$K26,DetalleCalculos!$H:$H,$M26)*24 -> 41 | O26: =SUMIFS(DetalleCalculos!$P:$P,DetalleCalculos!$W:$W,$K26,DetalleCalculos!$H:$H,$M26) -> 38 | P26: =SUMIFS(DetalleCalculos!$Q:$Q,DetalleCalculos!$W:$W,$K26,DetalleCalculos!$H:$H,$M26) -> 0 | Q26: =+IF(L26=1,O26,P26) -> 38 | R26: =+IF(N26-Q26<=0,0,N26-Q26) -> 3 | S26: =_xlfn.XLOOKUP($J26&$K26&$M26,DetalleCalculos!$B:$B,DetalleCalculos!$O:$O,"",0,1) -> 1-3-3 | T26: =+_xlfn.XLOOKUP($S26,'Horarios y Sistemas'!$C:$C,'Horarios y Sistemas'!M:M,0,0,1) -> 0.25 | U26: =1-T26 -> 0.75 | V26: =+T26*R26 -> 0.75 | W26: =+U26*R26 -> 2.25 | X26: =+V26*X$5 -> 1.125 | Y26: =+W26*Y$5 -> 3.375 | Z26: Neto Periodo | AA26: =+SUM(X26:X28) -> 28.125 | AB26: =+SUM(Y26:Y28) -> 31.875
B27: Braulio Vinicio López Rancho | C27: =+SUMIFS(AD$23:AD$223,$M$23:$M$223,$B27,$AC$23:$AC$223,$B$20) -> 30 | D27: =+SUMIFS(AE$23:AE$223,$M$23:$M$223,$B27,$AC$23:$AC$223,$B$20) -> 0 | E27: =+SUM(C27:D27) -> 30 | H27: =+I27&J27&K27&M27 -> SEPTIEMBRESem3939AMILCAR EDELBERTO LOPEZ AROCHE | I27: =+_xlfn.XLOOKUP(K27,DetalleCalculos!W:W,DetalleCalculos!S:S,"",0,1) -> SEPTIEMBRE | J27: =+"Sem"&K27 -> Sem39 | K27: =+$H$18 -> 39 | L27: =+IF(_xlfn.XLOOKUP(K27,DetalleCalculos!W:W,DetalleCalculos!U:U,0,0,1)=7,1,2) -> 1 | M27: {=+INDEX($B$23:$B$89,ROUNDUP((ROW()-22)/3,0))} -> AMILCAR EDELBERTO LOPEZ AROCHE | N27: =SUMIFS(DetalleCalculos!$N:$N,DetalleCalculos!$W:$W,$K27,DetalleCalculos!$H:$H,$M27)*24 -> 62 | O27: =SUMIFS(DetalleCalculos!$P:$P,DetalleCalculos!$W:$W,$K27,DetalleCalculos!$H:$H,$M27) -> 44 | P27: =SUMIFS(DetalleCalculos!$Q:$Q,DetalleCalculos!$W:$W,$K27,DetalleCalculos!$H:$H,$M27) -> 0 | Q27: =+IF(L27=1,O27,P27) -> 44 | R27: =+IF(N27-Q27<=0,0,N27-Q27) -> 18 | S27: =_xlfn.XLOOKUP($J27&$K27&$M27,DetalleCalculos!$B:$B,DetalleCalculos!$O:$O,"",0,1) -> 6-0-1 | T27: =+_xlfn.XLOOKUP($S27,'Horarios y Sistemas'!$C:$C,'Horarios y Sistemas'!M:M,0,0,1) -> 1 | U27: =1-T27 -> 0 | V27: =+T27*R27 -> 18 | W27: =+U27*R27 -> 0 | X27: =+V27*X$5 -> 27 | Y27: =+W27*Y$5 -> 0 | Z27: Neto Periodo Proporcional | AA27: =+IF(AA26<=0,0,IF(AND(AA26>AB26,AB26<=0),IF(AA26+AB26>0,AA26+AB26,0),IF(AND(AA26>0,AB26>0),AA26,0))) -> 28.125 | AB27: =+IF(AB26<=0,0,IF(AND(AB26>AA26,AA26<=0),IF(AB26+AA26>0,AB26+AA26,0),IF(AND(AB26>0,AA26>0),AB26,0))) -> 31.875 | AC27: Horas Extras Finales | AD27: =+AA27/$X$5 -> 18.75 | AE27: =+AB27/$Y$5 -> 21.25
B28: Bryan Amilcar Yax Rivera | C28: =+SUMIFS(AD$23:AD$223,$M$23:$M$223,$B28,$AC$23:$AC$223,$B$20) -> 24.88 | D28: =+SUMIFS(AE$23:AE$223,$M$23:$M$223,$B28,$AC$23:$AC$223,$B$20) -> 31.52 | E28: =+SUM(C28:D28) -> 56.4 | H28: =+I28&J28&K28&M28 -> SEPTIEMBRESem4040AMILCAR EDELBERTO LOPEZ AROCHE | I28: =+_xlfn.XLOOKUP(K28,DetalleCalculos!W:W,DetalleCalculos!S:S,"",0,1) -> SEPTIEMBRE | J28: =+"Sem"&K28 -> Sem40 | K28: =+$H$19 -> 40 | L28: =+IF(_xlfn.XLOOKUP(K28,DetalleCalculos!W:W,DetalleCalculos!U:U,0,0,1)=7,1,2) -> 1 | M28: {=+INDEX($B$23:$B$89,ROUNDUP((ROW()-22)/3,0))} -> AMILCAR EDELBERTO LOPEZ AROCHE | N28: =SUMIFS(DetalleCalculos!$N:$N,DetalleCalculos!$W:$W,$K28,DetalleCalculos!$H:$H,$M28)*24 -> 55 | O28: =SUMIFS(DetalleCalculos!$P:$P,DetalleCalculos!$W:$W,$K28,DetalleCalculos!$H:$H,$M28) -> 36 | P28: =SUMIFS(DetalleCalculos!$Q:$Q,DetalleCalculos!$W:$W,$K28,DetalleCalculos!$H:$H,$M28) -> 0 | Q28: =+IF(L28=1,O28,P28) -> 36 | R28: =+IF(N28-Q28<=0,0,N28-Q28) -> 19 | S28: =_xlfn.XLOOKUP($J28&$K28&$M28,DetalleCalculos!$B:$B,DetalleCalculos!$O:$O,"",0,1) -> 0-5-2 | T28: =+_xlfn.XLOOKUP($S28,'Horarios y Sistemas'!$C:$C,'Horarios y Sistemas'!M:M,0,0,1) -> 0 | U28: =1-T28 -> 1 | V28: =+T28*R28 -> 0 | W28: =+U28*R28 -> 19 | X28: =+V28*X$5 -> 0 | Y28: =+W28*Y$5 -> 28.5
B29: CARLOS ANTONIO DE JESUS DUARTE URIAS | C29: =+SUMIFS(AD$23:AD$223,$M$23:$M$223,$B29,$AC$23:$AC$223,$B$20) -> 0 | D29: =+SUMIFS(AE$23:AE$223,$M$23:$M$223,$B29,$AC$23:$AC$223,$B$20) -> 0 | E29: =+SUM(C29:D29) -> 0 | H29: =+I29&J29&K29&M29 -> SEPTIEMBRESem3838BAYRON AMILCAR JIMENEZ VEGA | I29: =+_xlfn.XLOOKUP(K29,DetalleCalculos!W:W,DetalleCalculos!S:S,"",0,1) -> SEPTIEMBRE | J29: =+"Sem"&K29 -> Sem38 | K29: =+$H$17 -> 38 | L29: =+IF(_xlfn.XLOOKUP(K29,DetalleCalculos!W:W,DetalleCalculos!U:U,0,0,1)=7,1,2) -> 1 | M29: {=+INDEX($B$23:$B$89,ROUNDUP((ROW()-22)/3,0))} -> BAYRON AMILCAR JIMENEZ VEGA | N29: =SUMIFS(DetalleCalculos!$N:$N,DetalleCalculos!$W:$W,$K29,DetalleCalculos!$H:$H,$M29)*24 -> 36 | O29: =SUMIFS(DetalleCalculos!$P:$P,DetalleCalculos!$W:$W,$K29,DetalleCalculos!$H:$H,$M29) -> 44 | P29: =SUMIFS(DetalleCalculos!$Q:$Q,DetalleCalculos!$W:$W,$K29,DetalleCalculos!$H:$H,$M29) -> 0 | Q29: =+IF(L29=1,O29,P29) -> 44 | R29: =+IF(N29-Q29<=0,0,N29-Q29) -> 0 | S29: =_xlfn.XLOOKUP($J29&$K29&$M29,DetalleCalculos!$B:$B,DetalleCalculos!$O:$O,"",0,1) -> 5-0-2 | T29: =+_xlfn.XLOOKUP($S29,'Horarios y Sistemas'!$C:$C,'Horarios y Sistemas'!M:M,0,0,1) -> 1 | U29: =1-T29 -> 0 | V29: =+T29*R29 -> 0 | W29: =+U29*R29 -> 0 | X29: =+V29*X$5 -> 0 | Y29: =+W29*Y$5 -> 0 | Z29: Neto Periodo | AA29: =+SUM(X29:X31) -> 0 | AB29: =+SUM(Y29:Y31) -> 13.5
B30: CARLOS DANIEL RUIZ SANTOS | C30: =+SUMIFS(AD$23:AD$223,$M$23:$M$223,$B30,$AC$23:$AC$223,$B$20) -> 18 | D30: =+SUMIFS(AE$23:AE$223,$M$23:$M$223,$B30,$AC$23:$AC$223,$B$20) -> 19 | E30: =+SUM(C30:D30) -> 37 | H30: =+I30&J30&K30&M30 -> SEPTIEMBRESem3939BAYRON AMILCAR JIMENEZ VEGA | I30: =+_xlfn.XLOOKUP(K30,DetalleCalculos!W:W,DetalleCalculos!S:S,"",0,1) -> SEPTIEMBRE | J30: =+"Sem"&K30 -> Sem39 | K30: =+$H$18 -> 39 | L30: =+IF(_xlfn.XLOOKUP(K30,DetalleCalculos!W:W,DetalleCalculos!U:U,0,0,1)=7,1,2) -> 1 | M30: {=+INDEX($B$23:$B$89,ROUNDUP((ROW()-22)/3,0))} -> BAYRON AMILCAR JIMENEZ VEGA | N30: =SUMIFS(DetalleCalculos!$N:$N,DetalleCalculos!$W:$W,$K30,DetalleCalculos!$H:$H,$M30)*24 -> 45 | O30: =SUMIFS(DetalleCalculos!$P:$P,DetalleCalculos!$W:$W,$K30,DetalleCalculos!$H:$H,$M30) -> 36 | P30: =SUMIFS(DetalleCalculos!$Q:$Q,DetalleCalculos!$W:$W,$K30,DetalleCalculos!$H:$H,$M30) -> 0 | Q30: =+IF(L30=1,O30,P30) -> 36 | R30: =+IF(N30-Q30<=0,0,N30-Q30) -> 9 | S30: =_xlfn.XLOOKUP($J30&$K30&$M30,DetalleCalculos!$B:$B,DetalleCalculos!$O:$O,"",0,1) -> 0-5-2 | T30: =+_xlfn.XLOOKUP($S30,'Horarios y Sistemas'!$C:$C,'Horarios y Sistemas'!M:M,0,0,1) -> 0 | U30: =1-T30 -> 1 | V30: =+T30*R30 -> 0 | W30: =+U30*R30 -> 9 | X30: =+V30*X$5 -> 0 | Y30: =+W30*Y$5 -> 13.5 | Z30: Neto Periodo Proporcional | AA30: =+IF(AA29<=0,0,IF(AND(AA29>AB29,AB29<=0),IF(AA29+AB29>0,AA29+AB29,0),IF(AND(AA29>0,AB29>0),AA29,0))) -> 0 | AB30: =+IF(AB29<=0,0,IF(AND(AB29>AA29,AA29<=0),IF(AB29+AA29>0,AB29+AA29,0),IF(AND(AB29>0,AA29>0),AB29,0))) -> 13.5 | AC30: Horas Extras Finales | AD30: =+AA30/$X$5 -> 0 | AE30: =+AB30/$Y$5 -> 9
B31: CASTILLO SOLARES CARLOS ARTURO | C31: =+SUMIFS(AD$23:AD$223,$M$23:$M$223,$B31,$AC$23:$AC$223,$B$20) -> 0 | D31: =+SUMIFS(AE$23:AE$223,$M$23:$M$223,$B31,$AC$23:$AC$223,$B$20) -> 9 | E31: =+SUM(C31:D31) -> 9 | H31: =+I31&J31&K31&M31 -> SEPTIEMBRESem4040BAYRON AMILCAR JIMENEZ VEGA | I31: =+_xlfn.XLOOKUP(K31,DetalleCalculos!W:W,DetalleCalculos!S:S,"",0,1) -> SEPTIEMBRE | J31: =+"Sem"&K31 -> Sem40 | K31: =+$H$19 -> 40 | L31: =+IF(_xlfn.XLOOKUP(K31,DetalleCalculos!W:W,DetalleCalculos!U:U,0,0,1)=7,1,2) -> 1 | M31: {=+INDEX($B$23:$B$89,ROUNDUP((ROW()-22)/3,0))} -> BAYRON AMILCAR JIMENEZ VEGA | N31: =SUMIFS(DetalleCalculos!$N:$N,DetalleCalculos!$W:$W,$K31,DetalleCalculos!$H:$H,$M31)*24 -> 44 | O31: =SUMIFS(DetalleCalculos!$P:$P,DetalleCalculos!$W:$W,$K31,DetalleCalculos!$H:$H,$M31) -> 44 | P31: =SUMIFS(DetalleCalculos!$Q:$Q,DetalleCalculos!$W:$W,$K31,DetalleCalculos!$H:$H,$M31) -> 0 | Q31: =+IF(L31=1,O31,P31) -> 44 | R31: =+IF(N31-Q31<=0,0,N31-Q31) -> 0 | S31: =_xlfn.XLOOKUP($J31&$K31&$M31,DetalleCalculos!$B:$B,DetalleCalculos!$O:$O,"",0,1) -> 6-0-1 | T31: =+_xlfn.XLOOKUP($S31,'Horarios y Sistemas'!$C:$C,'Horarios y Sistemas'!M:M,0,0,1) -> 1 | U31: =1-T31 -> 0 | V31: =+T31*R31 -> 0 | W31: =+U31*R31 -> 0 | X31: =+V31*X$5 -> 0 | Y31: =+W31*Y$5 -> 0
B32: CRISTIAN DANIEL CANAHUI CASTAÑEDA | C32: =+SUMIFS(AD$23:AD$223,$M$23:$M$223,$B32,$AC$23:$AC$223,$B$20) -> 0 | D32: =+SUMIFS(AE$23:AE$223,$M$23:$M$223,$B32,$AC$23:$AC$223,$B$20) -> 0 | E32: =+SUM(C32:D32) -> 0 | H32: =+I32&J32&K32&M32 -> SEPTIEMBRESem3838BRYAN GEOVANI PELEN MAYEN | I32: =+_xlfn.XLOOKUP(K32,DetalleCalculos!W:W,DetalleCalculos!S:S,"",0,1) -> SEPTIEMBRE | J32: =+"Sem"&K32 -> Sem38 | K32: =+$H$17 -> 38 | L32: =+IF(_xlfn.XLOOKUP(K32,DetalleCalculos!W:W,DetalleCalculos!U:U,0,0,1)=7,1,2) -> 1 | M32: {=+INDEX($B$23:$B$89,ROUNDUP((ROW()-22)/3,0))} -> BRYAN GEOVANI PELEN MAYEN | N32: =SUMIFS(DetalleCalculos!$N:$N,DetalleCalculos!$W:$W,$K32,DetalleCalculos!$H:$H,$M32)*24 -> 41 | O32: =SUMIFS(DetalleCalculos!$P:$P,DetalleCalculos!$W:$W,$K32,DetalleCalculos!$H:$H,$M32) -> 38 | P32: =SUMIFS(DetalleCalculos!$Q:$Q,DetalleCalculos!$W:$W,$K32,DetalleCalculos!$H:$H,$M32) -> 0 | Q32: =+IF(L32=1,O32,P32) -> 38 | R32: =+IF(N32-Q32<=0,0,N32-Q32) -> 3 | S32: =_xlfn.XLOOKUP($J32&$K32&$M32,DetalleCalculos!$B:$B,DetalleCalculos!$O:$O,"",0,1) -> 1-3-3 | T32: =+_xlfn.XLOOKUP($S32,'Horarios y Sistemas'!$C:$C,'Horarios y Sistemas'!M:M,0,0,1) -> 0.25 | U32: =1-T32 -> 0.75 | V32: =+T32*R32 -> 0.75 | W32: =+U32*R32 -> 2.25 | X32: =+V32*X$5 -> 1.125 | Y32: =+W32*Y$5 -> 3.375 | Z32: Neto Periodo | AA32: =+SUM(X32:X34) -> 28.125 | AB32: =+SUM(Y32:Y34) -> 31.875
B33: Carlos Humberto Alvarado | C33: =+SUMIFS(AD$23:AD$223,$M$23:$M$223,$B33,$AC$23:$AC$223,$B$20) -> 26 | D33: =+SUMIFS(AE$23:AE$223,$M$23:$M$223,$B33,$AC$23:$AC$223,$B$20) -> 0 | E33: =+SUM(C33:D33) -> 26 | H33: =+I33&J33&K33&M33 -> SEPTIEMBRESem3939BRYAN GEOVANI PELEN MAYEN | I33: =+_xlfn.XLOOKUP(K33,DetalleCalculos!W:W,DetalleCalculos!S:S,"",0,1) -> SEPTIEMBRE | J33: =+"Sem"&K33 -> Sem39 | K33: =+$H$18 -> 39 | L33: =+IF(_xlfn.XLOOKUP(K33,DetalleCalculos!W:W,DetalleCalculos!U:U,0,0,1)=7,1,2) -> 1 | M33: {=+INDEX($B$23:$B$89,ROUNDUP((ROW()-22)/3,0))} -> BRYAN GEOVANI PELEN MAYEN | N33: =SUMIFS(DetalleCalculos!$N:$N,DetalleCalculos!$W:$W,$K33,DetalleCalculos!$H:$H,$M33)*24 -> 62 | O33: =SUMIFS(DetalleCalculos!$P:$P,DetalleCalculos!$W:$W,$K33,DetalleCalculos!$H:$H,$M33) -> 44 | P33: =SUMIFS(DetalleCalculos!$Q:$Q,DetalleCalculos!$W:$W,$K33,DetalleCalculos!$H:$H,$M33) -> 0 | Q33: =+IF(L33=1,O33,P33) -> 44 | R33: =+IF(N33-Q33<=0,0,N33-Q33) -> 18 | S33: =_xlfn.XLOOKUP($J33&$K33&$M33,DetalleCalculos!$B:$B,DetalleCalculos!$O:$O,"",0,1) -> 6-0-1 | T33: =+_xlfn.XLOOKUP($S33,'Horarios y Sistemas'!$C:$C,'Horarios y Sistemas'!M:M,0,0,1) -> 1 | U33: =1-T33 -> 0 | V33: =+T33*R33 -> 18 | W33: =+U33*R33 -> 0 | X33: =+V33*X$5 -> 27 | Y33: =+W33*Y$5 -> 0 | Z33: Neto Periodo Proporcional | AA33: =+IF(AA32<=0,0,IF(AND(AA32>AB32,AB32<=0),IF(AA32+AB32>0,AA32+AB32,0),IF(AND(AA32>0,AB32>0),AA32,0))) -> 28.125 | AB33: =+IF(AB32<=0,0,IF(AND(AB32>AA32,AA32<=0),IF(AB32+AA32>0,AB32+AA32,0),IF(AND(AB32>0,AA32>0),AB32,0))) -> 31.875 | AC33: Horas Extras Finales | AD33: =+AA33/$X$5 -> 18.75 | AE33: =+AB33/$Y$5 -> 21.25
B34: Christian Omar Tiney Davila | C34: =+SUMIFS(AD$23:AD$223,$M$23:$M$223,$B34,$AC$23:$AC$223,$B$20) -> 26 | D34: =+SUMIFS(AE$23:AE$223,$M$23:$M$223,$B34,$AC$23:$AC$223,$B$20) -> 0 | E34: =+SUM(C34:D34) -> 26 | H34: =+I34&J34&K34&M34 -> SEPTIEMBRESem4040BRYAN GEOVANI PELEN MAYEN | I34: =+_xlfn.XLOOKUP(K34,DetalleCalculos!W:W,DetalleCalculos!S:S,"",0,1) -> SEPTIEMBRE | J34: =+"Sem"&K34 -> Sem40 | K34: =+$H$19 -> 40 | L34: =+IF(_xlfn.XLOOKUP(K34,DetalleCalculos!W:W,DetalleCalculos!U:U,0,0,1)=7,1,2) -> 1 | M34: {=+INDEX($B$23:$B$89,ROUNDUP((ROW()-22)/3,0))} -> BRYAN GEOVANI PELEN MAYEN | N34: =SUMIFS(DetalleCalculos!$N:$N,DetalleCalculos!$W:$W,$K34,DetalleCalculos!$H:$H,$M34)*24 -> 55 | O34: =SUMIFS(DetalleCalculos!$P:$P,DetalleCalculos!$W:$W,$K34,DetalleCalculos!$H:$H,$M34) -> 36 | P34: =SUMIFS(DetalleCalculos!$Q:$Q,DetalleCalculos!$W:$W,$K34,DetalleCalculos!$H:$H,$M34) -> 0 | Q34: =+IF(L34=1,O34,P34) -> 36 | R34: =+IF(N34-Q34<=0,0,N34-Q34) -> 19 | S34: =_xlfn.XLOOKUP($J34&$K34&$M34,DetalleCalculos!$B:$B,DetalleCalculos!$O:$O,"",0,1) -> 0-5-2 | T34: =+_xlfn.XLOOKUP($S34,'Horarios y Sistemas'!$C:$C,'Horarios y Sistemas'!M:M,0,0,1) -> 0 | U34: =1-T34 -> 1 | V34: =+T34*R34 -> 0 | W34: =+U34*R34 -> 19 | X34: =+V34*X$5 -> 0 | Y34: =+W34*Y$5 -> 28.5
B35: DE PAZ REYES VICTOR ALFONSO | C35: =+SUMIFS(AD$23:AD$223,$M$23:$M$223,$B35,$AC$23:$AC$223,$B$20) -> 23.5175 | D35: =+SUMIFS(AE$23:AE$223,$M$23:$M$223,$B35,$AC$23:$AC$223,$B$20) -> 15.1325 | E35: =+SUM(C35:D35) -> 38.65 | H35: =+I35&J35&K35&M35 -> SEPTIEMBRESem3838Braulio Vinicio López Rancho | I35: =+_xlfn.XLOOKUP(K35,DetalleCalculos!W:W,DetalleCalculos!S:S,"",0,1) -> SEPTIEMBRE | J35: =+"Sem"&K35 -> Sem38 | K35: =+$H$17 -> 38 | L35: =+IF(_xlfn.XLOOKUP(K35,DetalleCalculos!W:W,DetalleCalculos!U:U,0,0,1)=7,1,2) -> 1 | M35: {=+INDEX($B$23:$B$89,ROUNDUP((ROW()-22)/3,0))} -> Braulio Vinicio López Rancho | N35: =SUMIFS(DetalleCalculos!$N:$N,DetalleCalculos!$W:$W,$K35,DetalleCalculos!$H:$H,$M35)*24 -> 52 | O35: =SUMIFS(DetalleCalculos!$P:$P,DetalleCalculos!$W:$W,$K35,DetalleCalculos!$H:$H,$M35) -> 44 | P35: =SUMIFS(DetalleCalculos!$Q:$Q,DetalleCalculos!$W:$W,$K35,DetalleCalculos!$H:$H,$M35) -> 0 | Q35: =+IF(L35=1,O35,P35) -> 44 | R35: =+IF(N35-Q35<=0,0,N35-Q35) -> 8 | S35: =_xlfn.XLOOKUP($J35&$K35&$M35,DetalleCalculos!$B:$B,DetalleCalculos!$O:$O,"",0,1) -> 5-0-2 | T35: =+_xlfn.XLOOKUP($S35,'Horarios y Sistemas'!$C:$C,'Horarios y Sistemas'!M:M,0,0,1) -> 1 | U35: =1-T35 -> 0 | V35: =+T35*R35 -> 8 | W35: =+U35*R35 -> 0 | X35: =+V35*X$5 -> 12 | Y35: =+W35*Y$5 -> 0 | Z35: Neto Periodo | AA35: =+SUM(X35:X37) -> 45 | AB35: =+SUM(Y35:Y37) -> 0
B36: David Alexander Ordoñez Sales | C36: =+SUMIFS(AD$23:AD$223,$M$23:$M$223,$B36,$AC$23:$AC$223,$B$20) -> 2.88 | D36: =+SUMIFS(AE$23:AE$223,$M$23:$M$223,$B36,$AC$23:$AC$223,$B$20) -> 30.52 | E36: =+SUM(C36:D36) -> 33.4 | H36: =+I36&J36&K36&M36 -> SEPTIEMBRESem3939Braulio Vinicio López Rancho | I36: =+_xlfn.XLOOKUP(K36,DetalleCalculos!W:W,DetalleCalculos!S:S,"",0,1) -> SEPTIEMBRE | J36: =+"Sem"&K36 -> Sem39 | K36: =+$H$18 -> 39 | L36: =+IF(_xlfn.XLOOKUP(K36,DetalleCalculos!W:W,DetalleCalculos!U:U,0,0,1)=7,1,2) -> 1 | M36: {=+INDEX($B$23:$B$89,ROUNDUP((ROW()-22)/3,0))} -> Braulio Vinicio López Rancho | N36: =SUMIFS(DetalleCalculos!$N:$N,DetalleCalculos!$W:$W,$K36,DetalleCalculos!$H:$H,$M36)*24 -> 33 | O36: =SUMIFS(DetalleCalculos!$P:$P,DetalleCalculos!$W:$W,$K36,DetalleCalculos!$H:$H,$M36) -> 36 | P36: =SUMIFS(DetalleCalculos!$Q:$Q,DetalleCalculos!$W:$W,$K36,DetalleCalculos!$H:$H,$M36) -> 0 | Q36: =+IF(L36=1,O36,P36) -> 36 | R36: =+IF(N36-Q36<=0,0,N36-Q36) -> 0 | S36: =_xlfn.XLOOKUP($J36&$K36&$M36,DetalleCalculos!$B:$B,DetalleCalculos!$O:$O,"",0,1) -> 0-4-3 | T36: =+_xlfn.XLOOKUP($S36,'Horarios y Sistemas'!$C:$C,'Horarios y Sistemas'!M:M,0,0,1) -> 0 | U36: =1-T36 -> 1 | V36: =+T36*R36 -> 0 | W36: =+U36*R36 -> 0 | X36: =+V36*X$5 -> 0 | Y36: =+W36*Y$5 -> 0 | Z36: Neto Periodo Proporcional | AA36: =+IF(AA35<=0,0,IF(AND(AA35>AB35,AB35<=0),IF(AA35+AB35>0,AA35+AB35,0),IF(AND(AA35>0,AB35>0),AA35,0))) -> 45 | AB36: =+IF(AB35<=0,0,IF(AND(AB35>AA35,AA35<=0),IF(AB35+AA35>0,AB35+AA35,0),IF(AND(AB35>0,AA35>0),AB35,0))) -> 0 | AC36: Horas Extras Finales | AD36: =+AA36/$X$5 -> 30 | AE36: =+AB36/$Y$5 -> 0
B37: Diego Flavio Rivas | C37: =+SUMIFS(AD$23:AD$223,$M$23:$M$223,$B37,$AC$23:$AC$223,$B$20) -> 2.88 | D37: =+SUMIFS(AE$23:AE$223,$M$23:$M$223,$B37,$AC$23:$AC$223,$B$20) -> 30.52 | E37: =+SUM(C37:D37) -> 33.4 | H37: =+I37&J37&K37&M37 -> SEPTIEMBRESem4040Braulio Vinicio López Rancho | I37: =+_xlfn.XLOOKUP(K37,DetalleCalculos!W:W,DetalleCalculos!S:S,"",0,1) -> SEPTIEMBRE | J37: =+"Sem"&K37 -> Sem40 | K37: =+$H$19 -> 40 | L37: =+IF(_xlfn.XLOOKUP(K37,DetalleCalculos!W:W,DetalleCalculos!U:U,0,0,1)=7,1,2) -> 1 | M37: {=+INDEX($B$23:$B$89,ROUNDUP((ROW()-22)/3,0))} -> Braulio Vinicio López Rancho | N37: =SUMIFS(DetalleCalculos!$N:$N,DetalleCalculos!$W:$W,$K37,DetalleCalculos!$H:$H,$M37)*24 -> 66 | O37: =SUMIFS(DetalleCalculos!$P:$P,DetalleCalculos!$W:$W,$K37,DetalleCalculos!$H:$H,$M37) -> 44 | P37: =SUMIFS(DetalleCalculos!$Q:$Q,DetalleCalculos!$W:$W,$K37,DetalleCalculos!$H:$H,$M37) -> 0 | Q37: =+IF(L37=1,O37,P37) -> 44 | R37: =+IF(N37-Q37<=0,0,N37-Q37) -> 22 | S37: =_xlfn.XLOOKUP($J37&$K37&$M37,DetalleCalculos!$B:$B,DetalleCalculos!$O:$O,"",0,1) -> 6-0-1 | T37: =+_xlfn.XLOOKUP($S37,'Horarios y Sistemas'!$C:$C,'Horarios y Sistemas'!M:M,0,0,1) -> 1 | U37: =1-T37 -> 0 | V37: =+T37*R37 -> 22 | W37: =+U37*R37 -> 0 | X37: =+V37*X$5 -> 33 | Y37: =+W37*Y$5 -> 0
B38: EDSON JAIR LEAL GRIJALVA | C38: =+SUMIFS(AD$23:AD$223,$M$23:$M$223,$B38,$AC$23:$AC$223,$B$20) -> 0 | D38: =+SUMIFS(AE$23:AE$223,$M$23:$M$223,$B38,$AC$23:$AC$223,$B$20) -> 0 | E38: =+SUM(C38:D38) -> 0 | H38: =+I38&J38&K38&M38 -> SEPTIEMBRESem3838Bryan Amilcar Yax Rivera | I38: =+_xlfn.XLOOKUP(K38,DetalleCalculos!W:W,DetalleCalculos!S:S,"",0,1) -> SEPTIEMBRE | J38: =+"Sem"&K38 -> Sem38 | K38: =+$H$17 -> 38 | L38: =+IF(_xlfn.XLOOKUP(K38,DetalleCalculos!W:W,DetalleCalculos!U:U,0,0,1)=7,1,2) -> 1 | M38: {=+INDEX($B$23:$B$89,ROUNDUP((ROW()-22)/3,0))} -> Bryan Amilcar Yax Rivera | N38: =SUMIFS(DetalleCalculos!$N:$N,DetalleCalculos!$W:$W,$K38,DetalleCalculos!$H:$H,$M38)*24 -> 52 | O38: =SUMIFS(DetalleCalculos!$P:$P,DetalleCalculos!$W:$W,$K38,DetalleCalculos!$H:$H,$M38) -> 37.6 | P38: =SUMIFS(DetalleCalculos!$Q:$Q,DetalleCalculos!$W:$W,$K38,DetalleCalculos!$H:$H,$M38) -> 0 | Q38: =+IF(L38=1,O38,P38) -> 37.6 | R38: =+IF(N38-Q38<=0,0,N38-Q38) -> 14.4 | S38: =_xlfn.XLOOKUP($J38&$K38&$M38,DetalleCalculos!$B:$B,DetalleCalculos!$O:$O,"",0,1) -> 1-4-2 | T38: =+_xlfn.XLOOKUP($S38,'Horarios y Sistemas'!$C:$C,'Horarios y Sistemas'!M:M,0,0,1) -> 0.2 | U38: =1-T38 -> 0.8 | V38: =+T38*R38 -> 2.88 | W38: =+U38*R38 -> 11.52 | X38: =+V38*X$5 -> 4.32 | Y38: =+W38*Y$5 -> 17.28 | Z38: Neto Periodo | AA38: =+SUM(X38:X40) -> 37.32 | AB38: =+SUM(Y38:Y40) -> 47.28
B39: EFREN ESTUARDO LOPEZ GARCIA | C39: =+SUMIFS(AD$23:AD$223,$M$23:$M$223,$B39,$AC$23:$AC$223,$B$20) -> 13.777778 | D39: =+SUMIFS(AE$23:AE$223,$M$23:$M$223,$B39,$AC$23:$AC$223,$B$20) -> 2.5555556 | E39: =+SUM(C39:D39) -> 16.333333 | H39: =+I39&J39&K39&M39 -> SEPTIEMBRESem3939Bryan Amilcar Yax Rivera | I39: =+_xlfn.XLOOKUP(K39,DetalleCalculos!W:W,DetalleCalculos!S:S,"",0,1) -> SEPTIEMBRE | J39: =+"Sem"&K39 -> Sem39 | K39: =+$H$18 -> 39 | L39: =+IF(_xlfn.XLOOKUP(K39,DetalleCalculos!W:W,DetalleCalculos!U:U,0,0,1)=7,1,2) -> 1 | M39: {=+INDEX($B$23:$B$89,ROUNDUP((ROW()-22)/3,0))} -> Bryan Amilcar Yax Rivera | N39: =SUMIFS(DetalleCalculos!$N:$N,DetalleCalculos!$W:$W,$K39,DetalleCalculos!$H:$H,$M39)*24 -> 66 | O39: =SUMIFS(DetalleCalculos!$P:$P,DetalleCalculos!$W:$W,$K39,DetalleCalculos!$H:$H,$M39) -> 44 | P39: =SUMIFS(DetalleCalculos!$Q:$Q,DetalleCalculos!$W:$W,$K39,DetalleCalculos!$H:$H,$M39) -> 0 | Q39: =+IF(L39=1,O39,P39) -> 44 | R39: =+IF(N39-Q39<=0,0,N39-Q39) -> 22 | S39: =_xlfn.XLOOKUP($J39&$K39&$M39,DetalleCalculos!$B:$B,DetalleCalculos!$O:$O,"",0,1) -> 6-0-1 | T39: =+_xlfn.XLOOKUP($S39,'Horarios y Sistemas'!$C:$C,'Horarios y Sistemas'!M:M,0,0,1) -> 1 | U39: =1-T39 -> 0 | V39: =+T39*R39 -> 22 | W39: =+U39*R39 -> 0 | X39: =+V39*X$5 -> 33 | Y39: =+W39*Y$5 -> 0 | Z39: Neto Periodo Proporcional | AA39: =+IF(AA38<=0,0,IF(AND(AA38>AB38,AB38<=0),IF(AA38+AB38>0,AA38+AB38,0),IF(AND(AA38>0,AB38>0),AA38,0))) -> 37.32 | AB39: =+IF(AB38<=0,0,IF(AND(AB38>AA38,AA38<=0),IF(AB38+AA38>0,AB38+AA38,0),IF(AND(AB38>0,AA38>0),AB38,0))) -> 47.28 | AC39: Horas Extras Finales | AD39: =+AA39/$X$5 -> 24.88 | AE39: =+AB39/$Y$5 -> 31.52
B40: ELMER CRISTOBAL LOPEZ HERNANDEZ | C40: =+SUMIFS(AD$23:AD$223,$M$23:$M$223,$B40,$AC$23:$AC$223,$B$20) -> 0 | D40: =+SUMIFS(AE$23:AE$223,$M$23:$M$223,$B40,$AC$23:$AC$223,$B$20) -> 0 | E40: =+SUM(C40:D40) -> 0 | H40: =+I40&J40&K40&M40 -> SEPTIEMBRESem4040Bryan Amilcar Yax Rivera | I40: =+_xlfn.XLOOKUP(K40,DetalleCalculos!W:W,DetalleCalculos!S:S,"",0,1) -> SEPTIEMBRE | J40: =+"Sem"&K40 -> Sem40 | K40: =+$H$19 -> 40 | L40: =+IF(_xlfn.XLOOKUP(K40,DetalleCalculos!W:W,DetalleCalculos!U:U,0,0,1)=7,1,2) -> 1 | M40: {=+INDEX($B$23:$B$89,ROUNDUP((ROW()-22)/3,0))} -> Bryan Amilcar Yax Rivera | N40: =SUMIFS(DetalleCalculos!$N:$N,DetalleCalculos!$W:$W,$K40,DetalleCalculos!$H:$H,$M40)*24 -> 56 | O40: =SUMIFS(DetalleCalculos!$P:$P,DetalleCalculos!$W:$W,$K40,DetalleCalculos!$H:$H,$M40) -> 36 | P40: =SUMIFS(DetalleCalculos!$Q:$Q,DetalleCalculos!$W:$W,$K40,DetalleCalculos!$H:$H,$M40) -> 0 | Q40: =+IF(L40=1,O40,P40) -> 36 | R40: =+IF(N40-Q40<=0,0,N40-Q40) -> 20 | S40: =_xlfn.XLOOKUP($J40&$K40&$M40,DetalleCalculos!$B:$B,DetalleCalculos!$O:$O,"",0,1) -> 0-5-2 | T40: =+_xlfn.XLOOKUP($S40,'Horarios y Sistemas'!$C:$C,'Horarios y Sistemas'!M:M,0,0,1) -> 0 | U40: =1-T40 -> 1 | V40: =+T40*R40 -> 0 | W40: =+U40*R40 -> 20 | X40: =+V40*X$5 -> 0 | Y40: =+W40*Y$5 -> 30
B41: EMERSON ALDAIR BIAN CONTRERAS | C41: =+SUMIFS(AD$23:AD$223,$M$23:$M$223,$B41,$AC$23:$AC$223,$B$20) -> 18.75 | D41: =+SUMIFS(AE$23:AE$223,$M$23:$M$223,$B41,$AC$23:$AC$223,$B$20) -> 21.25 | E41: =+SUM(C41:D41) -> 40 | H41: =+I41&J41&K41&M41 -> SEPTIEMBRESem3838CARLOS ANTONIO DE JESUS DUARTE URIAS | I41: =+_xlfn.XLOOKUP(K41,DetalleCalculos!W:W,DetalleCalculos!S:S,"",0,1) -> SEPTIEMBRE | J41: =+"Sem"&K41 -> Sem38 | K41: =+$H$17 -> 38 | L41: =+IF(_xlfn.XLOOKUP(K41,DetalleCalculos!W:W,DetalleCalculos!U:U,0,0,1)=7,1,2) -> 1 | M41: {=+INDEX($B$23:$B$89,ROUNDUP((ROW()-22)/3,0))} -> CARLOS ANTONIO DE JESUS DUARTE URIAS | N41: =SUMIFS(DetalleCalculos!$N:$N,DetalleCalculos!$W:$W,$K41,DetalleCalculos!$H:$H,$M41)*24 -> 0 | O41: =SUMIFS(DetalleCalculos!$P:$P,DetalleCalculos!$W:$W,$K41,DetalleCalculos!$H:$H,$M41) -> 0 | P41: =SUMIFS(DetalleCalculos!$Q:$Q,DetalleCalculos!$W:$W,$K41,DetalleCalculos!$H:$H,$M41) -> 0 | Q41: =+IF(L41=1,O41,P41) -> 0 | R41: =+IF(N41-Q41<=0,0,N41-Q41) -> 0 | S41: =_xlfn.XLOOKUP($J41&$K41&$M41,DetalleCalculos!$B:$B,DetalleCalculos!$O:$O,"",0,1) | T41: =+_xlfn.XLOOKUP($S41,'Horarios y Sistemas'!$C:$C,'Horarios y Sistemas'!M:M,0,0,1) -> 0 | U41: =1-T41 -> 1 | V41: =+T41*R41 -> 0 | W41: =+U41*R41 -> 0 | X41: =+V41*X$5 -> 0 | Y41: =+W41*Y$5 -> 0 | Z41: Neto Periodo | AA41: =+SUM(X41:X43) -> 0 | AB41: =+SUM(Y41:Y43) -> 0
B42: ERVIN ROLANDO CHINCHILLA ZAMORA | C42: =+SUMIFS(AD$23:AD$223,$M$23:$M$223,$B42,$AC$23:$AC$223,$B$20) -> 22 | D42: =+SUMIFS(AE$23:AE$223,$M$23:$M$223,$B42,$AC$23:$AC$223,$B$20) -> 19 | E42: =+SUM(C42:D42) -> 41 | H42: =+I42&J42&K42&M42 -> SEPTIEMBRESem3939CARLOS ANTONIO DE JESUS DUARTE URIAS | I42: =+_xlfn.XLOOKUP(K42,DetalleCalculos!W:W,DetalleCalculos!S:S,"",0,1) -> SEPTIEMBRE | J42: =+"Sem"&K42 -> Sem39 | K42: =+$H$18 -> 39 | L42: =+IF(_xlfn.XLOOKUP(K42,DetalleCalculos!W:W,DetalleCalculos!U:U,0,0,1)=7,1,2) -> 1 | M42: {=+INDEX($B$23:$B$89,ROUNDUP((ROW()-22)/3,0))} -> CARLOS ANTONIO DE JESUS DUARTE URIAS | N42: =SUMIFS(DetalleCalculos!$N:$N,DetalleCalculos!$W:$W,$K42,DetalleCalculos!$H:$H,$M42)*24 -> 0 | O42: =SUMIFS(DetalleCalculos!$P:$P,DetalleCalculos!$W:$W,$K42,DetalleCalculos!$H:$H,$M42) -> 0 | P42: =SUMIFS(DetalleCalculos!$Q:$Q,DetalleCalculos!$W:$W,$K42,DetalleCalculos!$H:$H,$M42) -> 0 | Q42: =+IF(L42=1,O42,P42) -> 0 | R42: =+IF(N42-Q42<=0,0,N42-Q42) -> 0 | S42: =_xlfn.XLOOKUP($J42&$K42&$M42,DetalleCalculos!$B:$B,DetalleCalculos!$O:$O,"",0,1) | T42: =+_xlfn.XLOOKUP($S42,'Horarios y Sistemas'!$C:$C,'Horarios y Sistemas'!M:M,0,0,1) -> 0 | U42: =1-T42 -> 1 | V42: =+T42*R42 -> 0 | W42: =+U42*R42 -> 0 | X42: =+V42*X$5 -> 0 | Y42: =+W42*Y$5 -> 0 | Z42: Neto Periodo Proporcional | AA42: =+IF(AA41<=0,0,IF(AND(AA41>AB41,AB41<=0),IF(AA41+AB41>0,AA41+AB41,0),IF(AND(AA41>0,AB41>0),AA41,0))) -> 0 | AB42: =+IF(AB41<=0,0,IF(AND(AB41>AA41,AA41<=0),IF(AB41+AA41>0,AB41+AA41,0),IF(AND(AB41>0,AA41>0),AB41,0))) -> 0 | AC42: Horas Extras Finales | AD42: =+AA42/$X$5 -> 0 | AE42: =+AB42/$Y$5 -> 0
B43: ESWIN ESTUARDO ORTEGA LIMA | C43: =+SUMIFS(AD$23:AD$223,$M$23:$M$223,$B43,$AC$23:$AC$223,$B$20) -> 36.75 | D43: =+SUMIFS(AE$23:AE$223,$M$23:$M$223,$B43,$AC$23:$AC$223,$B$20) -> 2.25 | E43: =+SUM(C43:D43) -> 39 | H43: =+I43&J43&K43&M43 -> SEPTIEMBRESem4040CARLOS ANTONIO DE JESUS DUARTE URIAS | I43: =+_xlfn.XLOOKUP(K43,DetalleCalculos!W:W,DetalleCalculos!S:S,"",0,1) -> SEPTIEMBRE | J43: =+"Sem"&K43 -> Sem40 | K43: =+$H$19 -> 40 | L43: =+IF(_xlfn.XLOOKUP(K43,DetalleCalculos!W:W,DetalleCalculos!U:U,0,0,1)=7,1,2) -> 1 | M43: {=+INDEX($B$23:$B$89,ROUNDUP((ROW()-22)/3,0))} -> CARLOS ANTONIO DE JESUS DUARTE URIAS | N43: =SUMIFS(DetalleCalculos!$N:$N,DetalleCalculos!$W:$W,$K43,DetalleCalculos!$H:$H,$M43)*24 -> 0 | O43: =SUMIFS(DetalleCalculos!$P:$P,DetalleCalculos!$W:$W,$K43,DetalleCalculos!$H:$H,$M43) -> 0 | P43: =SUMIFS(DetalleCalculos!$Q:$Q,DetalleCalculos!$W:$W,$K43,DetalleCalculos!$H:$H,$M43) -> 0 | Q43: =+IF(L43=1,O43,P43) -> 0 | R43: =+IF(N43-Q43<=0,0,N43-Q43) -> 0 | S43: =_xlfn.XLOOKUP($J43&$K43&$M43,DetalleCalculos!$B:$B,DetalleCalculos!$O:$O,"",0,1) | T43: =+_xlfn.XLOOKUP($S43,'Horarios y Sistemas'!$C:$C,'Horarios y Sistemas'!M:M,0,0,1) -> 0 | U43: =1-T43 -> 1 | V43: =+T43*R43 -> 0 | W43: =+U43*R43 -> 0 | X43: =+V43*X$5 -> 0 | Y43: =+W43*Y$5 -> 0
B44: EVER GESTRUDES BOLVITO ESTRADA | C44: =+SUMIFS(AD$23:AD$223,$M$23:$M$223,$B44,$AC$23:$AC$223,$B$20) -> 11 | D44: =+SUMIFS(AE$23:AE$223,$M$23:$M$223,$B44,$AC$23:$AC$223,$B$20) -> 0 | E44: =+SUM(C44:D44) -> 11 | H44: =+I44&J44&K44&M44 -> SEPTIEMBRESem3838CARLOS DANIEL RUIZ SANTOS | I44: =+_xlfn.XLOOKUP(K44,DetalleCalculos!W:W,DetalleCalculos!S:S,"",0,1) -> SEPTIEMBRE | J44: =+"Sem"&K44 -> Sem38 | K44: =+$H$17 -> 38 | L44: =+IF(_xlfn.XLOOKUP(K44,DetalleCalculos!W:W,DetalleCalculos!U:U,0,0,1)=7,1,2) -> 1 | M44: {=+INDEX($B$23:$B$89,ROUNDUP((ROW()-22)/3,0))} -> CARLOS DANIEL RUIZ SANTOS | N44: =SUMIFS(DetalleCalculos!$N:$N,DetalleCalculos!$W:$W,$K44,DetalleCalculos!$H:$H,$M44)*24 -> 38 | O44: =SUMIFS(DetalleCalculos!$P:$P,DetalleCalculos!$W:$W,$K44,DetalleCalculos!$H:$H,$M44) -> 44 | P44: =SUMIFS(DetalleCalculos!$Q:$Q,DetalleCalculos!$W:$W,$K44,DetalleCalculos!$H:$H,$M44) -> 0 | Q44: =+IF(L44=1,O44,P44) -> 44 | R44: =+IF(N44-Q44<=0,0,N44-Q44) -> 0 | S44: =_xlfn.XLOOKUP($J44&$K44&$M44,DetalleCalculos!$B:$B,DetalleCalculos!$O:$O,"",0,1) -> 4-0-3 | T44: =+_xlfn.XLOOKUP($S44,'Horarios y Sistemas'!$C:$C,'Horarios y Sistemas'!M:M,0,0,1) -> 1 | U44: =1-T44 -> 0 | V44: =+T44*R44 -> 0 | W44: =+U44*R44 -> 0 | X44: =+V44*X$5 -> 0 | Y44: =+W44*Y$5 -> 0 | Z44: Neto Periodo | AA44: =+SUM(X44:X46) -> 27 | AB44: =+SUM(Y44:Y46) -> 28.5
B45: Edvin Omar Chavez Cuque | C45: =+SUMIFS(AD$23:AD$223,$M$23:$M$223,$B45,$AC$23:$AC$223,$B$20) -> 26 | D45: =+SUMIFS(AE$23:AE$223,$M$23:$M$223,$B45,$AC$23:$AC$223,$B$20) -> 0 | E45: =+SUM(C45:D45) -> 26 | H45: =+I45&J45&K45&M45 -> SEPTIEMBRESem3939CARLOS DANIEL RUIZ SANTOS | I45: =+_xlfn.XLOOKUP(K45,DetalleCalculos!W:W,DetalleCalculos!S:S,"",0,1) -> SEPTIEMBRE | J45: =+"Sem"&K45 -> Sem39 | K45: =+$H$18 -> 39 | L45: =+IF(_xlfn.XLOOKUP(K45,DetalleCalculos!W:W,DetalleCalculos!U:U,0,0,1)=7,1,2) -> 1 | M45: {=+INDEX($B$23:$B$89,ROUNDUP((ROW()-22)/3,0))} -> CARLOS DANIEL RUIZ SANTOS | N45: =SUMIFS(DetalleCalculos!$N:$N,DetalleCalculos!$W:$W,$K45,DetalleCalculos!$H:$H,$M45)*24 -> 62 | O45: =SUMIFS(DetalleCalculos!$P:$P,DetalleCalculos!$W:$W,$K45,DetalleCalculos!$H:$H,$M45) -> 44 | P45: =SUMIFS(DetalleCalculos!$Q:$Q,DetalleCalculos!$W:$W,$K45,DetalleCalculos!$H:$H,$M45) -> 0 | Q45: =+IF(L45=1,O45,P45) -> 44 | R45: =+IF(N45-Q45<=0,0,N45-Q45) -> 18 | S45: =_xlfn.XLOOKUP($J45&$K45&$M45,DetalleCalculos!$B:$B,DetalleCalculos!$O:$O,"",0,1) -> 6-0-1 | T45: =+_xlfn.XLOOKUP($S45,'Horarios y Sistemas'!$C:$C,'Horarios y Sistemas'!M:M,0,0,1) -> 1 | U45: =1-T45 -> 0 | V45: =+T45*R45 -> 18 | W45: =+U45*R45 -> 0 | X45: =+V45*X$5 -> 27 | Y45: =+W45*Y$5 -> 0 | Z45: Neto Periodo Proporcional | AA45: =+IF(AA44<=0,0,IF(AND(AA44>AB44,AB44<=0),IF(AA44+AB44>0,AA44+AB44,0),IF(AND(AA44>0,AB44>0),AA44,0))) -> 27 | AB45: =+IF(AB44<=0,0,IF(AND(AB44>AA44,AA44<=0),IF(AB44+AA44>0,AB44+AA44,0),IF(AND(AB44>0,AA44>0),AB44,0))) -> 28.5 | AC45: Horas Extras Finales | AD45: =+AA45/$X$5 -> 18 | AE45: =+AB45/$Y$5 -> 19
B46: FILIBERTO SACUL CUCUL | C46: =+SUMIFS(AD$23:AD$223,$M$23:$M$223,$B46,$AC$23:$AC$223,$B$20) -> 0 | D46: =+SUMIFS(AE$23:AE$223,$M$23:$M$223,$B46,$AC$23:$AC$223,$B$20) -> 0 | E46: =+SUM(C46:D46) -> 0 | H46: =+I46&J46&K46&M46 -> SEPTIEMBRESem4040CARLOS DANIEL RUIZ SANTOS | I46: =+_xlfn.XLOOKUP(K46,DetalleCalculos!W:W,DetalleCalculos!S:S,"",0,1) -> SEPTIEMBRE | J46: =+"Sem"&K46 -> Sem40 | K46: =+$H$19 -> 40 | L46: =+IF(_xlfn.XLOOKUP(K46,DetalleCalculos!W:W,DetalleCalculos!U:U,0,0,1)=7,1,2) -> 1 | M46: {=+INDEX($B$23:$B$89,ROUNDUP((ROW()-22)/3,0))} -> CARLOS DANIEL RUIZ SANTOS | N46: =SUMIFS(DetalleCalculos!$N:$N,DetalleCalculos!$W:$W,$K46,DetalleCalculos!$H:$H,$M46)*24 -> 55 | O46: =SUMIFS(DetalleCalculos!$P:$P,DetalleCalculos!$W:$W,$K46,DetalleCalculos!$H:$H,$M46) -> 36 | P46: =SUMIFS(DetalleCalculos!$Q:$Q,DetalleCalculos!$W:$W,$K46,DetalleCalculos!$H:$H,$M46) -> 0 | Q46: =+IF(L46=1,O46,P46) -> 36 | R46: =+IF(N46-Q46<=0,0,N46-Q46) -> 19 | S46: =_xlfn.XLOOKUP($J46&$K46&$M46,DetalleCalculos!$B:$B,DetalleCalculos!$O:$O,"",0,1) -> 0-5-2 | T46: =+_xlfn.XLOOKUP($S46,'Horarios y Sistemas'!$C:$C,'Horarios y Sistemas'!M:M,0,0,1) -> 0 | U46: =1-T46 -> 1 | V46: =+T46*R46 -> 0 | W46: =+U46*R46 -> 19 | X46: =+V46*X$5 -> 0 | Y46: =+W46*Y$5 -> 28.5
B47: GARCIA REYES CARLOS ANTONIO | C47: =+SUMIFS(AD$23:AD$223,$M$23:$M$223,$B47,$AC$23:$AC$223,$B$20) -> 0 | D47: =+SUMIFS(AE$23:AE$223,$M$23:$M$223,$B47,$AC$23:$AC$223,$B$20) -> 0 | E47: =+SUM(C47:D47) -> 0 | H47: =+I47&J47&K47&M47 -> SEPTIEMBRESem3838CASTILLO SOLARES CARLOS ARTURO | I47: =+_xlfn.XLOOKUP(K47,DetalleCalculos!W:W,DetalleCalculos!S:S,"",0,1) -> SEPTIEMBRE | J47: =+"Sem"&K47 -> Sem38 | K47: =+$H$17 -> 38 | L47: =+IF(_xlfn.XLOOKUP(K47,DetalleCalculos!W:W,DetalleCalculos!U:U,0,0,1)=7,1,2) -> 1 | M47: {=+INDEX($B$23:$B$89,ROUNDUP((ROW()-22)/3,0))} -> CASTILLO SOLARES CARLOS ARTURO | N47: =SUMIFS(DetalleCalculos!$N:$N,DetalleCalculos!$W:$W,$K47,DetalleCalculos!$H:$H,$M47)*24 -> 36 | O47: =SUMIFS(DetalleCalculos!$P:$P,DetalleCalculos!$W:$W,$K47,DetalleCalculos!$H:$H,$M47) -> 44 | P47: =SUMIFS(DetalleCalculos!$Q:$Q,DetalleCalculos!$W:$W,$K47,DetalleCalculos!$H:$H,$M47) -> 0 | Q47: =+IF(L47=1,O47,P47) -> 44 | R47: =+IF(N47-Q47<=0,0,N47-Q47) -> 0 | S47: =_xlfn.XLOOKUP($J47&$K47&$M47,DetalleCalculos!$B:$B,DetalleCalculos!$O:$O,"",0,1) -> 5-0-2 | T47: =+_xlfn.XLOOKUP($S47,'Horarios y Sistemas'!$C:$C,'Horarios y Sistemas'!M:M,0,0,1) -> 1 | U47: =1-T47 -> 0 | V47: =+T47*R47 -> 0 | W47: =+U47*R47 -> 0 | X47: =+V47*X$5 -> 0 | Y47: =+W47*Y$5 -> 0 | Z47: Neto Periodo | AA47: =+SUM(X47:X49) -> 0 | AB47: =+SUM(Y47:Y49) -> 13.5
B48: GUZMÁN MORALES EDGAR RICARDO | C48: =+SUMIFS(AD$23:AD$223,$M$23:$M$223,$B48,$AC$23:$AC$223,$B$20) -> 24.5 | D48: =+SUMIFS(AE$23:AE$223,$M$23:$M$223,$B48,$AC$23:$AC$223,$B$20) -> 20.25 | E48: =+SUM(C48:D48) -> 44.75 | H48: =+I48&J48&K48&M48 -> SEPTIEMBRESem3939CASTILLO SOLARES CARLOS ARTURO | I48: =+_xlfn.XLOOKUP(K48,DetalleCalculos!W:W,DetalleCalculos!S:S,"",0,1) -> SEPTIEMBRE | J48: =+"Sem"&K48 -> Sem39 | K48: =+$H$18 -> 39 | L48: =+IF(_xlfn.XLOOKUP(K48,DetalleCalculos!W:W,DetalleCalculos!U:U,0,0,1)=7,1,2) -> 1 | M48: {=+INDEX($B$23:$B$89,ROUNDUP((ROW()-22)/3,0))} -> CASTILLO SOLARES CARLOS ARTURO | N48: =SUMIFS(DetalleCalculos!$N:$N,DetalleCalculos!$W:$W,$K48,DetalleCalculos!$H:$H,$M48)*24 -> 45 | O48: =SUMIFS(DetalleCalculos!$P:$P,DetalleCalculos!$W:$W,$K48,DetalleCalculos!$H:$H,$M48) -> 36 | P48: =SUMIFS(DetalleCalculos!$Q:$Q,DetalleCalculos!$W:$W,$K48,DetalleCalculos!$H:$H,$M48) -> 0 | Q48: =+IF(L48=1,O48,P48) -> 36 | R48: =+IF(N48-Q48<=0,0,N48-Q48) -> 9 | S48: =_xlfn.XLOOKUP($J48&$K48&$M48,DetalleCalculos!$B:$B,DetalleCalculos!$O:$O,"",0,1) -> 0-5-2 | T48: =+_xlfn.XLOOKUP($S48,'Horarios y Sistemas'!$C:$C,'Horarios y Sistemas'!M:M,0,0,1) -> 0 | U48: =1-T48 -> 1 | V48: =+T48*R48 -> 0 | W48: =+U48*R48 -> 9 | X48: =+V48*X$5 -> 0 | Y48: =+W48*Y$5 -> 13.5 | Z48: Neto Periodo Proporcional | AA48: =+IF(AA47<=0,0,IF(AND(AA47>AB47,AB47<=0),IF(AA47+AB47>0,AA47+AB47,0),IF(AND(AA47>0,AB47>0),AA47,0))) -> 0 | AB48: =+IF(AB47<=0,0,IF(AND(AB47>AA47,AA47<=0),IF(AB47+AA47>0,AB47+AA47,0),IF(AND(AB47>0,AA47>0),AB47,0))) -> 13.5 | AC48: Horas Extras Finales | AD48: =+AA48/$X$5 -> 0 | AE48: =+AB48/$Y$5 -> 9
B49: HECTOR RENE ALVIZUREZ MEJIA | C49: =+SUMIFS(AD$23:AD$223,$M$23:$M$223,$B49,$AC$23:$AC$223,$B$20) -> 1 | D49: =+SUMIFS(AE$23:AE$223,$M$23:$M$223,$B49,$AC$23:$AC$223,$B$20) -> 0 | E49: =+SUM(C49:D49) -> 1 | H49: =+I49&J49&K49&M49 -> SEPTIEMBRESem4040CASTILLO SOLARES CARLOS ARTURO | I49: =+_xlfn.XLOOKUP(K49,DetalleCalculos!W:W,DetalleCalculos!S:S,"",0,1) -> SEPTIEMBRE | J49: =+"Sem"&K49 -> Sem40 | K49: =+$H$19 -> 40 | L49: =+IF(_xlfn.XLOOKUP(K49,DetalleCalculos!W:W,DetalleCalculos!U:U,0,0,1)=7,1,2) -> 1 | M49: {=+INDEX($B$23:$B$89,ROUNDUP((ROW()-22)/3,0))} -> CASTILLO SOLARES CARLOS ARTURO | N49: =SUMIFS(DetalleCalculos!$N:$N,DetalleCalculos!$W:$W,$K49,DetalleCalculos!$H:$H,$M49)*24 -> 44 | O49: =SUMIFS(DetalleCalculos!$P:$P,DetalleCalculos!$W:$W,$K49,DetalleCalculos!$H:$H,$M49) -> 44 | P49: =SUMIFS(DetalleCalculos!$Q:$Q,DetalleCalculos!$W:$W,$K49,DetalleCalculos!$H:$H,$M49) -> 0 | Q49: =+IF(L49=1,O49,P49) -> 44 | R49: =+IF(N49-Q49<=0,0,N49-Q49) -> 0 | S49: =_xlfn.XLOOKUP($J49&$K49&$M49,DetalleCalculos!$B:$B,DetalleCalculos!$O:$O,"",0,1) -> 6-0-1 | T49: =+_xlfn.XLOOKUP($S49,'Horarios y Sistemas'!$C:$C,'Horarios y Sistemas'!M:M,0,0,1) -> 1 | U49: =1-T49 -> 0 | V49: =+T49*R49 -> 0 | W49: =+U49*R49 -> 0 | X49: =+V49*X$5 -> 0 | Y49: =+W49*Y$5 -> 0
B50: HELIO ANGEL GABRIEL GUZMAN RIVERA | C50: =+SUMIFS(AD$23:AD$223,$M$23:$M$223,$B50,$AC$23:$AC$223,$B$20) -> 0 | D50: =+SUMIFS(AE$23:AE$223,$M$23:$M$223,$B50,$AC$23:$AC$223,$B$20) -> 0 | E50: =+SUM(C50:D50) -> 0 | H50: =+I50&J50&K50&M50 -> SEPTIEMBRESem3838CRISTIAN DANIEL CANAHUI CASTAÑEDA | I50: =+_xlfn.XLOOKUP(K50,DetalleCalculos!W:W,DetalleCalculos!S:S,"",0,1) -> SEPTIEMBRE | J50: =+"Sem"&K50 -> Sem38 | K50: =+$H$17 -> 38 | L50: =+IF(_xlfn.XLOOKUP(K50,DetalleCalculos!W:W,DetalleCalculos!U:U,0,0,1)=7,1,2) -> 1 | M50: {=+INDEX($B$23:$B$89,ROUNDUP((ROW()-22)/3,0))} -> CRISTIAN DANIEL CANAHUI CASTAÑEDA | N50: =SUMIFS(DetalleCalculos!$N:$N,DetalleCalculos!$W:$W,$K50,DetalleCalculos!$H:$H,$M50)*24 -> 0 | O50: =SUMIFS(DetalleCalculos!$P:$P,DetalleCalculos!$W:$W,$K50,DetalleCalculos!$H:$H,$M50) -> 0 | P50: =SUMIFS(DetalleCalculos!$Q:$Q,DetalleCalculos!$W:$W,$K50,DetalleCalculos!$H:$H,$M50) -> 0 | Q50: =+IF(L50=1,O50,P50) -> 0 | R50: =+IF(N50-Q50<=0,0,N50-Q50) -> 0 | S50: =_xlfn.XLOOKUP($J50&$K50&$M50,DetalleCalculos!$B:$B,DetalleCalculos!$O:$O,"",0,1) | T50: =+_xlfn.XLOOKUP($S50,'Horarios y Sistemas'!$C:$C,'Horarios y Sistemas'!M:M,0,0,1) -> 0 | U50: =1-T50 -> 1 | V50: =+T50*R50 -> 0 | W50: =+U50*R50 -> 0 | X50: =+V50*X$5 -> 0 | Y50: =+W50*Y$5 -> 0 | Z50: Neto Periodo | AA50: =+SUM(X50:X52) -> 0 | AB50: =+SUM(Y50:Y52) -> 0
B51: HERNÁNDEZ POCÓN ERVIN ALFONSO | C51: =+SUMIFS(AD$23:AD$223,$M$23:$M$223,$B51,$AC$23:$AC$223,$B$20) -> 25.25 | D51: =+SUMIFS(AE$23:AE$223,$M$23:$M$223,$B51,$AC$23:$AC$223,$B$20) -> 20.25 | E51: =+SUM(C51:D51) -> 45.5 | H51: =+I51&J51&K51&M51 -> SEPTIEMBRESem3939CRISTIAN DANIEL CANAHUI CASTAÑEDA | I51: =+_xlfn.XLOOKUP(K51,DetalleCalculos!W:W,DetalleCalculos!S:S,"",0,1) -> SEPTIEMBRE | J51: =+"Sem"&K51 -> Sem39 | K51: =+$H$18 -> 39 | L51: =+IF(_xlfn.XLOOKUP(K51,DetalleCalculos!W:W,DetalleCalculos!U:U,0,0,1)=7,1,2) -> 1 | M51: {=+INDEX($B$23:$B$89,ROUNDUP((ROW()-22)/3,0))} -> CRISTIAN DANIEL CANAHUI CASTAÑEDA | N51: =SUMIFS(DetalleCalculos!$N:$N,DetalleCalculos!$W:$W,$K51,DetalleCalculos!$H:$H,$M51)*24 -> 0 | O51: =SUMIFS(DetalleCalculos!$P:$P,DetalleCalculos!$W:$W,$K51,DetalleCalculos!$H:$H,$M51) -> 0 | P51: =SUMIFS(DetalleCalculos!$Q:$Q,DetalleCalculos!$W:$W,$K51,DetalleCalculos!$H:$H,$M51) -> 0 | Q51: =+IF(L51=1,O51,P51) -> 0 | R51: =+IF(N51-Q51<=0,0,N51-Q51) -> 0 | S51: =_xlfn.XLOOKUP($J51&$K51&$M51,DetalleCalculos!$B:$B,DetalleCalculos!$O:$O,"",0,1) | T51: =+_xlfn.XLOOKUP($S51,'Horarios y Sistemas'!$C:$C,'Horarios y Sistemas'!M:M,0,0,1) -> 0 | U51: =1-T51 -> 1 | V51: =+T51*R51 -> 0 | W51: =+U51*R51 -> 0 | X51: =+V51*X$5 -> 0 | Y51: =+W51*Y$5 -> 0 | Z51: Neto Periodo Proporcional | AA51: =+IF(AA50<=0,0,IF(AND(AA50>AB50,AB50<=0),IF(AA50+AB50>0,AA50+AB50,0),IF(AND(AA50>0,AB50>0),AA50,0))) -> 0 | AB51: =+IF(AB50<=0,0,IF(AND(AB50>AA50,AA50<=0),IF(AB50+AA50>0,AB50+AA50,0),IF(AND(AB50>0,AA50>0),AB50,0))) -> 0 | AC51: Horas Extras Finales | AD51: =+AA51/$X$5 -> 0 | AE51: =+AB51/$Y$5 -> 0
B52: HOSLIN HELYEL MAYORGA LOPEZ | C52: =+SUMIFS(AD$23:AD$223,$M$23:$M$223,$B52,$AC$23:$AC$223,$B$20) -> 0 | D52: =+SUMIFS(AE$23:AE$223,$M$23:$M$223,$B52,$AC$23:$AC$223,$B$20) -> 0 | E52: =+SUM(C52:D52) -> 0 | H52: =+I52&J52&K52&M52 -> SEPTIEMBRESem4040CRISTIAN DANIEL CANAHUI CASTAÑEDA | I52: =+_xlfn.XLOOKUP(K52,DetalleCalculos!W:W,DetalleCalculos!S:S,"",0,1) -> SEPTIEMBRE | J52: =+"Sem"&K52 -> Sem40 | K52: =+$H$19 -> 40 | L52: =+IF(_xlfn.XLOOKUP(K52,DetalleCalculos!W:W,DetalleCalculos!U:U,0,0,1)=7,1,2) -> 1 | M52: {=+INDEX($B$23:$B$89,ROUNDUP((ROW()-22)/3,0))} -> CRISTIAN DANIEL CANAHUI CASTAÑEDA | N52: =SUMIFS(DetalleCalculos!$N:$N,DetalleCalculos!$W:$W,$K52,DetalleCalculos!$H:$H,$M52)*24 -> 0 | O52: =SUMIFS(DetalleCalculos!$P:$P,DetalleCalculos!$W:$W,$K52,DetalleCalculos!$H:$H,$M52) -> 0 | P52: =SUMIFS(DetalleCalculos!$Q:$Q,DetalleCalculos!$W:$W,$K52,DetalleCalculos!$H:$H,$M52) -> 0 | Q52: =+IF(L52=1,O52,P52) -> 0 | R52: =+IF(N52-Q52<=0,0,N52-Q52) -> 0 | S52: =_xlfn.XLOOKUP($J52&$K52&$M52,DetalleCalculos!$B:$B,DetalleCalculos!$O:$O,"",0,1) | T52: =+_xlfn.XLOOKUP($S52,'Horarios y Sistemas'!$C:$C,'Horarios y Sistemas'!M:M,0,0,1) -> 0 | U52: =1-T52 -> 1 | V52: =+T52*R52 -> 0 | W52: =+U52*R52 -> 0 | X52: =+V52*X$5 -> 0 | Y52: =+W52*Y$5 -> 0
B53: JARDIN NATANAHEL GARCIA CHAPEN | C53: =+SUMIFS(AD$23:AD$223,$M$23:$M$223,$B53,$AC$23:$AC$223,$B$20) -> 1.28 | D53: =+SUMIFS(AE$23:AE$223,$M$23:$M$223,$B53,$AC$23:$AC$223,$B$20) -> 5.12 | E53: =+SUM(C53:D53) -> 6.4 | H53: =+I53&J53&K53&M53 -> SEPTIEMBRESem3838Carlos Humberto Alvarado | I53: =+_xlfn.XLOOKUP(K53,DetalleCalculos!W:W,DetalleCalculos!S:S,"",0,1) -> SEPTIEMBRE | J53: =+"Sem"&K53 -> Sem38 | K53: =+$H$17 -> 38 | L53: =+IF(_xlfn.XLOOKUP(K53,DetalleCalculos!W:W,DetalleCalculos!U:U,0,0,1)=7,1,2) -> 1 | M53: {=+INDEX($B$23:$B$89,ROUNDUP((ROW()-22)/3,0))} -> Carlos Humberto Alvarado | N53: =SUMIFS(DetalleCalculos!$N:$N,DetalleCalculos!$W:$W,$K53,DetalleCalculos!$H:$H,$M53)*24 -> 52 | O53: =SUMIFS(DetalleCalculos!$P:$P,DetalleCalculos!$W:$W,$K53,DetalleCalculos!$H:$H,$M53) -> 44 | P53: =SUMIFS(DetalleCalculos!$Q:$Q,DetalleCalculos!$W:$W,$K53,DetalleCalculos!$H:$H,$M53) -> 0 | Q53: =+IF(L53=1,O53,P53) -> 44 | R53: =+IF(N53-Q53<=0,0,N53-Q53) -> 8 | S53: =_xlfn.XLOOKUP($J53&$K53&$M53,DetalleCalculos!$B:$B,DetalleCalculos!$O:$O,"",0,1) -> 5-0-2 | T53: =+_xlfn.XLOOKUP($S53,'Horarios y Sistemas'!$C:$C,'Horarios y Sistemas'!M:M,0,0,1) -> 1 | U53: =1-T53 -> 0 | V53: =+T53*R53 -> 8 | W53: =+U53*R53 -> 0 | X53: =+V53*X$5 -> 12 | Y53: =+W53*Y$5 -> 0 | Z53: Neto Periodo | AA53: =+SUM(X53:X55) -> 39 | AB53: =+SUM(Y53:Y55) -> 0
B54: JEREMY ELIAS JUAREZ GUZMAN | C54: =+SUMIFS(AD$23:AD$223,$M$23:$M$223,$B54,$AC$23:$AC$223,$B$20) -> 22 | D54: =+SUMIFS(AE$23:AE$223,$M$23:$M$223,$B54,$AC$23:$AC$223,$B$20) -> 19 | E54: =+SUM(C54:D54) -> 41 | H54: =+I54&J54&K54&M54 -> SEPTIEMBRESem3939Carlos Humberto Alvarado | I54: =+_xlfn.XLOOKUP(K54,DetalleCalculos!W:W,DetalleCalculos!S:S,"",0,1) -> SEPTIEMBRE | J54: =+"Sem"&K54 -> Sem39 | K54: =+$H$18 -> 39 | L54: =+IF(_xlfn.XLOOKUP(K54,DetalleCalculos!W:W,DetalleCalculos!U:U,0,0,1)=7,1,2) -> 1 | M54: {=+INDEX($B$23:$B$89,ROUNDUP((ROW()-22)/3,0))} -> Carlos Humberto Alvarado | N54: =SUMIFS(DetalleCalculos!$N:$N,DetalleCalculos!$W:$W,$K54,DetalleCalculos!$H:$H,$M54)*24 -> 33 | O54: =SUMIFS(DetalleCalculos!$P:$P,DetalleCalculos!$W:$W,$K54,DetalleCalculos!$H:$H,$M54) -> 36 | P54: =SUMIFS(DetalleCalculos!$Q:$Q,DetalleCalculos!$W:$W,$K54,DetalleCalculos!$H:$H,$M54) -> 0 | Q54: =+IF(L54=1,O54,P54) -> 36 | R54: =+IF(N54-Q54<=0,0,N54-Q54) -> 0 | S54: =_xlfn.XLOOKUP($J54&$K54&$M54,DetalleCalculos!$B:$B,DetalleCalculos!$O:$O,"",0,1) -> 0-3-4 | T54: =+_xlfn.XLOOKUP($S54,'Horarios y Sistemas'!$C:$C,'Horarios y Sistemas'!M:M,0,0,1) -> 0 | U54: =1-T54 -> 1 | V54: =+T54*R54 -> 0 | W54: =+U54*R54 -> 0 | X54: =+V54*X$5 -> 0 | Y54: =+W54*Y$5 -> 0 | Z54: Neto Periodo Proporcional | AA54: =+IF(AA53<=0,0,IF(AND(AA53>AB53,AB53<=0),IF(AA53+AB53>0,AA53+AB53,0),IF(AND(AA53>0,AB53>0),AA53,0))) -> 39 | AB54: =+IF(AB53<=0,0,IF(AND(AB53>AA53,AA53<=0),IF(AB53+AA53>0,AB53+AA53,0),IF(AND(AB53>0,AA53>0),AB53,0))) -> 0 | AC54: Horas Extras Finales | AD54: =+AA54/$X$5 -> 26 | AE54: =+AB54/$Y$5 -> 0
B55: JOSÈ BRAULIO NAVARRO ARCHILA | C55: =+SUMIFS(AD$23:AD$223,$M$23:$M$223,$B55,$AC$23:$AC$223,$B$20) -> 0 | D55: =+SUMIFS(AE$23:AE$223,$M$23:$M$223,$B55,$AC$23:$AC$223,$B$20) -> 18 | E55: =+SUM(C55:D55) -> 18 | H55: =+I55&J55&K55&M55 -> SEPTIEMBRESem4040Carlos Humberto Alvarado | I55: =+_xlfn.XLOOKUP(K55,DetalleCalculos!W:W,DetalleCalculos!S:S,"",0,1) -> SEPTIEMBRE | J55: =+"Sem"&K55 -> Sem40 | K55: =+$H$19 -> 40 | L55: =+IF(_xlfn.XLOOKUP(K55,DetalleCalculos!W:W,DetalleCalculos!U:U,0,0,1)=7,1,2) -> 1 | M55: {=+INDEX($B$23:$B$89,ROUNDUP((ROW()-22)/3,0))} -> Carlos Humberto Alvarado | N55: =SUMIFS(DetalleCalculos!$N:$N,DetalleCalculos!$W:$W,$K55,DetalleCalculos!$H:$H,$M55)*24 -> 62 | O55: =SUMIFS(DetalleCalculos!$P:$P,DetalleCalculos!$W:$W,$K55,DetalleCalculos!$H:$H,$M55) -> 44 | P55: =SUMIFS(DetalleCalculos!$Q:$Q,DetalleCalculos!$W:$W,$K55,DetalleCalculos!$H:$H,$M55) -> 0 | Q55: =+IF(L55=1,O55,P55) -> 44 | R55: =+IF(N55-Q55<=0,0,N55-Q55) -> 18 | S55: =_xlfn.XLOOKUP($J55&$K55&$M55,DetalleCalculos!$B:$B,DetalleCalculos!$O:$O,"",0,1) -> 6-0-1 | T55: =+_xlfn.XLOOKUP($S55,'Horarios y Sistemas'!$C:$C,'Horarios y Sistemas'!M:M,0,0,1) -> 1 | U55: =1-T55 -> 0 | V55: =+T55*R55 -> 18 | W55: =+U55*R55 -> 0 | X55: =+V55*X$5 -> 27 | Y55: =+W55*Y$5 -> 0
B56: José Miguel Ronquillo Pineda | C56: =+SUMIFS(AD$23:AD$223,$M$23:$M$223,$B56,$AC$23:$AC$223,$B$20) -> 30 | D56: =+SUMIFS(AE$23:AE$223,$M$23:$M$223,$B56,$AC$23:$AC$223,$B$20) -> 30 | E56: =+SUM(C56:D56) -> 60 | H56: =+I56&J56&K56&M56 -> SEPTIEMBRESem3838Christian Omar Tiney Davila | I56: =+_xlfn.XLOOKUP(K56,DetalleCalculos!W:W,DetalleCalculos!S:S,"",0,1) -> SEPTIEMBRE | J56: =+"Sem"&K56 -> Sem38 | K56: =+$H$17 -> 38 | L56: =+IF(_xlfn.XLOOKUP(K56,DetalleCalculos!W:W,DetalleCalculos!U:U,0,0,1)=7,1,2) -> 1 | M56: {=+INDEX($B$23:$B$89,ROUNDUP((ROW()-22)/3,0))} -> Christian Omar Tiney Davila | N56: =SUMIFS(DetalleCalculos!$N:$N,DetalleCalculos!$W:$W,$K56,DetalleCalculos!$H:$H,$M56)*24 -> 51 | O56: =SUMIFS(DetalleCalculos!$P:$P,DetalleCalculos!$W:$W,$K56,DetalleCalculos!$H:$H,$M56) -> 44 | P56: =SUMIFS(DetalleCalculos!$Q:$Q,DetalleCalculos!$W:$W,$K56,DetalleCalculos!$H:$H,$M56) -> 0 | Q56: =+IF(L56=1,O56,P56) -> 44 | R56: =+IF(N56-Q56<=0,0,N56-Q56) -> 7 | S56: =_xlfn.XLOOKUP($J56&$K56&$M56,DetalleCalculos!$B:$B,DetalleCalculos!$O:$O,"",0,1) -> 5-0-2 | T56: =+_xlfn.XLOOKUP($S56,'Horarios y Sistemas'!$C:$C,'Horarios y Sistemas'!M:M,0,0,1) -> 1 | U56: =1-T56 -> 0 | V56: =+T56*R56 -> 7 | W56: =+U56*R56 -> 0 | X56: =+V56*X$5 -> 10.5 | Y56: =+W56*Y$5 -> 0 | Z56: Neto Periodo | AA56: =+SUM(X56:X58) -> 39 | AB56: =+SUM(Y56:Y58) -> 0
B57: KENER ALEXANDER HERNANDEZ HERNANDEZ | C57: =+SUMIFS(AD$23:AD$223,$M$23:$M$223,$B57,$AC$23:$AC$223,$B$20) -> 0 | D57: =+SUMIFS(AE$23:AE$223,$M$23:$M$223,$B57,$AC$23:$AC$223,$B$20) -> 0 | E57: =+SUM(C57:D57) -> 0 | H57: =+I57&J57&K57&M57 -> SEPTIEMBRESem3939Christian Omar Tiney Davila | I57: =+_xlfn.XLOOKUP(K57,DetalleCalculos!W:W,DetalleCalculos!S:S,"",0,1) -> SEPTIEMBRE | J57: =+"Sem"&K57 -> Sem39 | K57: =+$H$18 -> 39 | L57: =+IF(_xlfn.XLOOKUP(K57,DetalleCalculos!W:W,DetalleCalculos!U:U,0,0,1)=7,1,2) -> 1 | M57: {=+INDEX($B$23:$B$89,ROUNDUP((ROW()-22)/3,0))} -> Christian Omar Tiney Davila | N57: =SUMIFS(DetalleCalculos!$N:$N,DetalleCalculos!$W:$W,$K57,DetalleCalculos!$H:$H,$M57)*24 -> 43 | O57: =SUMIFS(DetalleCalculos!$P:$P,DetalleCalculos!$W:$W,$K57,DetalleCalculos!$H:$H,$M57) -> 44 | P57: =SUMIFS(DetalleCalculos!$Q:$Q,DetalleCalculos!$W:$W,$K57,DetalleCalculos!$H:$H,$M57) -> 0 | Q57: =+IF(L57=1,O57,P57) -> 44 | R57: =+IF(N57-Q57<=0,0,N57-Q57) -> 0 | S57: =_xlfn.XLOOKUP($J57&$K57&$M57,DetalleCalculos!$B:$B,DetalleCalculos!$O:$O,"",0,1) -> 6-0-1 | T57: =+_xlfn.XLOOKUP($S57,'Horarios y Sistemas'!$C:$C,'Horarios y Sistemas'!M:M,0,0,1) -> 1 | U57: =1-T57 -> 0 | V57: =+T57*R57 -> 0 | W57: =+U57*R57 -> 0 | X57: =+V57*X$5 -> 0 | Y57: =+W57*Y$5 -> 0 | Z57: Neto Periodo Proporcional | AA57: =+IF(AA56<=0,0,IF(AND(AA56>AB56,AB56<=0),IF(AA56+AB56>0,AA56+AB56,0),IF(AND(AA56>0,AB56>0),AA56,0))) -> 39 | AB57: =+IF(AB56<=0,0,IF(AND(AB56>AA56,AA56<=0),IF(AB56+AA56>0,AB56+AA56,0),IF(AND(AB56>0,AA56>0),AB56,0))) -> 0 | AC57: Horas Extras Finales | AD57: =+AA57/$X$5 -> 26 | AE57: =+AB57/$Y$5 -> 0
B58: KEVIN ALEJANDRO RODRIGUEZ ARGUETA | C58: =+SUMIFS(AD$23:AD$223,$M$23:$M$223,$B58,$AC$23:$AC$223,$B$20) -> 19 | D58: =+SUMIFS(AE$23:AE$223,$M$23:$M$223,$B58,$AC$23:$AC$223,$B$20) -> 19 | E58: =+SUM(C58:D58) -> 38 | H58: =+I58&J58&K58&M58 -> SEPTIEMBRESem4040Christian Omar Tiney Davila | I58: =+_xlfn.XLOOKUP(K58,DetalleCalculos!W:W,DetalleCalculos!S:S,"",0,1) -> SEPTIEMBRE | J58: =+"Sem"&K58 -> Sem40 | K58: =+$H$19 -> 40 | L58: =+IF(_xlfn.XLOOKUP(K58,DetalleCalculos!W:W,DetalleCalculos!U:U,0,0,1)=7,1,2) -> 1 | M58: {=+INDEX($B$23:$B$89,ROUNDUP((ROW()-22)/3,0))} -> Christian Omar Tiney Davila | N58: =SUMIFS(DetalleCalculos!$N:$N,DetalleCalculos!$W:$W,$K58,DetalleCalculos!$H:$H,$M58)*24 -> 63 | O58: =SUMIFS(DetalleCalculos!$P:$P,DetalleCalculos!$W:$W,$K58,DetalleCalculos!$H:$H,$M58) -> 44 | P58: =SUMIFS(DetalleCalculos!$Q:$Q,DetalleCalculos!$W:$W,$K58,DetalleCalculos!$H:$H,$M58) -> 0 | Q58: =+IF(L58=1,O58,P58) -> 44 | R58: =+IF(N58-Q58<=0,0,N58-Q58) -> 19 | S58: =_xlfn.XLOOKUP($J58&$K58&$M58,DetalleCalculos!$B:$B,DetalleCalculos!$O:$O,"",0,1) -> 6-0-1 | T58: =+_xlfn.XLOOKUP($S58,'Horarios y Sistemas'!$C:$C,'Horarios y Sistemas'!M:M,0,0,1) -> 1 | U58: =1-T58 -> 0 | V58: =+T58*R58 -> 19 | W58: =+U58*R58 -> 0 | X58: =+V58*X$5 -> 28.5 | Y58: =+W58*Y$5 -> 0
B59: LUDWIN MARIO BENJAMIN POITAN JOLON | C59: =+SUMIFS(AD$23:AD$223,$M$23:$M$223,$B59,$AC$23:$AC$223,$B$20) -> 0 | D59: =+SUMIFS(AE$23:AE$223,$M$23:$M$223,$B59,$AC$23:$AC$223,$B$20) -> 0 | E59: =+SUM(C59:D59) -> 0 | H59: =+I59&J59&K59&M59 -> SEPTIEMBRESem3838DE PAZ REYES VICTOR ALFONSO | I59: =+_xlfn.XLOOKUP(K59,DetalleCalculos!W:W,DetalleCalculos!S:S,"",0,1) -> SEPTIEMBRE | J59: =+"Sem"&K59 -> Sem38 | K59: =+$H$17 -> 38 | L59: =+IF(_xlfn.XLOOKUP(K59,DetalleCalculos!W:W,DetalleCalculos!U:U,0,0,1)=7,1,2) -> 1 | M59: {=+INDEX($B$23:$B$89,ROUNDUP((ROW()-22)/3,0))} -> DE PAZ REYES VICTOR ALFONSO | N59: =SUMIFS(DetalleCalculos!$N:$N,DetalleCalculos!$W:$W,$K59,DetalleCalculos!$H:$H,$M59)*24 -> 41.75 | O59: =SUMIFS(DetalleCalculos!$P:$P,DetalleCalculos!$W:$W,$K59,DetalleCalculos!$H:$H,$M59) -> 38 | P59: =SUMIFS(DetalleCalculos!$Q:$Q,DetalleCalculos!$W:$W,$K59,DetalleCalculos!$H:$H,$M59) -> 0 | Q59: =+IF(L59=1,O59,P59) -> 38 | R59: =+IF(N59-Q59<=0,0,N59-Q59) -> 3.75 | S59: =_xlfn.XLOOKUP($J59&$K59&$M59,DetalleCalculos!$B:$B,DetalleCalculos!$O:$O,"",0,1) -> 1-3-3 | T59: =+_xlfn.XLOOKUP($S59,'Horarios y Sistemas'!$C:$C,'Horarios y Sistemas'!M:M,0,0,1) -> 0.25 | U59: =1-T59 -> 0.75 | V59: =+T59*R59 -> 0.9375 | W59: =+U59*R59 -> 2.8125 | X59: =+V59*X$5 -> 1.40625 | Y59: =+W59*Y$5 -> 4.21875 | Z59: Neto Periodo | AA59: =+SUM(X59:X61) -> 35.27625 | AB59: =+SUM(Y59:Y61) -> 22.69875
B60: LUIS ESTUARDO GARCIA BARILLAS | C60: =+SUMIFS(AD$23:AD$223,$M$23:$M$223,$B60,$AC$23:$AC$223,$B$20) -> 23 | D60: =+SUMIFS(AE$23:AE$223,$M$23:$M$223,$B60,$AC$23:$AC$223,$B$20) -> 19 | E60: =+SUM(C60:D60) -> 42 | H60: =+I60&J60&K60&M60 -> SEPTIEMBRESem3939DE PAZ REYES VICTOR ALFONSO | I60: =+_xlfn.XLOOKUP(K60,DetalleCalculos!W:W,DetalleCalculos!S:S,"",0,1) -> SEPTIEMBRE | J60: =+"Sem"&K60 -> Sem39 | K60: =+$H$18 -> 39 | L60: =+IF(_xlfn.XLOOKUP(K60,DetalleCalculos!W:W,DetalleCalculos!U:U,0,0,1)=7,1,2) -> 1 | M60: {=+INDEX($B$23:$B$89,ROUNDUP((ROW()-22)/3,0))} -> DE PAZ REYES VICTOR ALFONSO | N60: =SUMIFS(DetalleCalculos!$N:$N,DetalleCalculos!$W:$W,$K60,DetalleCalculos!$H:$H,$M60)*24 -> 63.5 | O60: =SUMIFS(DetalleCalculos!$P:$P,DetalleCalculos!$W:$W,$K60,DetalleCalculos!$H:$H,$M60) -> 44 | P60: =SUMIFS(DetalleCalculos!$Q:$Q,DetalleCalculos!$W:$W,$K60,DetalleCalculos!$H:$H,$M60) -> 0 | Q60: =+IF(L60=1,O60,P60) -> 44 | R60: =+IF(N60-Q60<=0,0,N60-Q60) -> 19.5 | S60: =_xlfn.XLOOKUP($J60&$K60&$M60,DetalleCalculos!$B:$B,DetalleCalculos!$O:$O,"",0,1) -> 6-0-1 | T60: =+_xlfn.XLOOKUP($S60,'Horarios y Sistemas'!$C:$C,'Horarios y Sistemas'!M:M,0,0,1) -> 1 | U60: =1-T60 -> 0 | V60: =+T60*R60 -> 19.5 | W60: =+U60*R60 -> 0 | X60: =+V60*X$5 -> 29.25 | Y60: =+W60*Y$5 -> 0 | Z60: Neto Periodo Proporcional | AA60: =+IF(AA59<=0,0,IF(AND(AA59>AB59,AB59<=0),IF(AA59+AB59>0,AA59+AB59,0),IF(AND(AA59>0,AB59>0),AA59,0))) -> 35.27625 | AB60: =+IF(AB59<=0,0,IF(AND(AB59>AA59,AA59<=0),IF(AB59+AA59>0,AB59+AA59,0),IF(AND(AB59>0,AA59>0),AB59,0))) -> 22.69875 | AC60: Horas Extras Finales | AD60: =+AA60/$X$5 -> 23.5175 | AE60: =+AB60/$Y$5 -> 15.1325
B61: Lusvin Ardani Alvizures | C61: =+SUMIFS(AD$23:AD$223,$M$23:$M$223,$B61,$AC$23:$AC$223,$B$20) -> 27 | D61: =+SUMIFS(AE$23:AE$223,$M$23:$M$223,$B61,$AC$23:$AC$223,$B$20) -> 0 | E61: =+SUM(C61:D61) -> 27 | H61: =+I61&J61&K61&M61 -> SEPTIEMBRESem4040DE PAZ REYES VICTOR ALFONSO | I61: =+_xlfn.XLOOKUP(K61,DetalleCalculos!W:W,DetalleCalculos!S:S,"",0,1) -> SEPTIEMBRE | J61: =+"Sem"&K61 -> Sem40 | K61: =+$H$19 -> 40 | L61: =+IF(_xlfn.XLOOKUP(K61,DetalleCalculos!W:W,DetalleCalculos!U:U,0,0,1)=7,1,2) -> 1 | M61: {=+INDEX($B$23:$B$89,ROUNDUP((ROW()-22)/3,0))} -> DE PAZ REYES VICTOR ALFONSO | N61: =SUMIFS(DetalleCalculos!$N:$N,DetalleCalculos!$W:$W,$K61,DetalleCalculos!$H:$H,$M61)*24 -> 53 | O61: =SUMIFS(DetalleCalculos!$P:$P,DetalleCalculos!$W:$W,$K61,DetalleCalculos!$H:$H,$M61) -> 37.6 | P61: =SUMIFS(DetalleCalculos!$Q:$Q,DetalleCalculos!$W:$W,$K61,DetalleCalculos!$H:$H,$M61) -> 0 | Q61: =+IF(L61=1,O61,P61) -> 37.6 | R61: =+IF(N61-Q61<=0,0,N61-Q61) -> 15.4 | S61: =_xlfn.XLOOKUP($J61&$K61&$M61,DetalleCalculos!$B:$B,DetalleCalculos!$O:$O,"",0,1) -> 1-4-2 | T61: =+_xlfn.XLOOKUP($S61,'Horarios y Sistemas'!$C:$C,'Horarios y Sistemas'!M:M,0,0,1) -> 0.2 | U61: =1-T61 -> 0.8 | V61: =+T61*R61 -> 3.08 | W61: =+U61*R61 -> 12.32 | X61: =+V61*X$5 -> 4.62 | Y61: =+W61*Y$5 -> 18.48
B62: MANUEL ALEJANDRO OSORIO CAHUEC | C62: =+SUMIFS(AD$23:AD$223,$M$23:$M$223,$B62,$AC$23:$AC$223,$B$20) -> 1.52 | D62: =+SUMIFS(AE$23:AE$223,$M$23:$M$223,$B62,$AC$23:$AC$223,$B$20) -> 2.28 | E62: =+SUM(C62:D62) -> 3.8 | H62: =+I62&J62&K62&M62 -> SEPTIEMBRESem3838David Alexander Ordoñez Sales | I62: =+_xlfn.XLOOKUP(K62,DetalleCalculos!W:W,DetalleCalculos!S:S,"",0,1) -> SEPTIEMBRE | J62: =+"Sem"&K62 -> Sem38 | K62: =+$H$17 -> 38 | L62: =+IF(_xlfn.XLOOKUP(K62,DetalleCalculos!W:W,DetalleCalculos!U:U,0,0,1)=7,1,2) -> 1 | M62: {=+INDEX($B$23:$B$89,ROUNDUP((ROW()-22)/3,0))} -> David Alexander Ordoñez Sales | N62: =SUMIFS(DetalleCalculos!$N:$N,DetalleCalculos!$W:$W,$K62,DetalleCalculos!$H:$H,$M62)*24 -> 52 | O62: =SUMIFS(DetalleCalculos!$P:$P,DetalleCalculos!$W:$W,$K62,DetalleCalculos!$H:$H,$M62) -> 37.6 | P62: =SUMIFS(DetalleCalculos!$Q:$Q,DetalleCalculos!$W:$W,$K62,DetalleCalculos!$H:$H,$M62) -> 0 | Q62: =+IF(L62=1,O62,P62) -> 37.6 | R62: =+IF(N62-Q62<=0,0,N62-Q62) -> 14.4 | S62: =_xlfn.XLOOKUP($J62&$K62&$M62,DetalleCalculos!$B:$B,DetalleCalculos!$O:$O,"",0,1) -> 1-4-2 | T62: =+_xlfn.XLOOKUP($S62,'Horarios y Sistemas'!$C:$C,'Horarios y Sistemas'!M:M,0,0,1) -> 0.2 | U62: =1-T62 -> 0.8 | V62: =+T62*R62 -> 2.88 | W62: =+U62*R62 -> 11.52 | X62: =+V62*X$5 -> 4.32 | Y62: =+W62*Y$5 -> 17.28 | Z62: Neto Periodo | AA62: =+SUM(X62:X64) -> 4.32 | AB62: =+SUM(Y62:Y64) -> 45.78
B63: MARROQUIN HERNANDEZ WILLIAM ERNESTO | C63: =+SUMIFS(AD$23:AD$223,$M$23:$M$223,$B63,$AC$23:$AC$223,$B$20) -> 0 | D63: =+SUMIFS(AE$23:AE$223,$M$23:$M$223,$B63,$AC$23:$AC$223,$B$20) -> 9 | E63: =+SUM(C63:D63) -> 9 | H63: =+I63&J63&K63&M63 -> SEPTIEMBRESem3939David Alexander Ordoñez Sales | I63: =+_xlfn.XLOOKUP(K63,DetalleCalculos!W:W,DetalleCalculos!S:S,"",0,1) -> SEPTIEMBRE | J63: =+"Sem"&K63 -> Sem39 | K63: =+$H$18 -> 39 | L63: =+IF(_xlfn.XLOOKUP(K63,DetalleCalculos!W:W,DetalleCalculos!U:U,0,0,1)=7,1,2) -> 1 | M63: {=+INDEX($B$23:$B$89,ROUNDUP((ROW()-22)/3,0))} -> David Alexander Ordoñez Sales | N63: =SUMIFS(DetalleCalculos!$N:$N,DetalleCalculos!$W:$W,$K63,DetalleCalculos!$H:$H,$M63)*24 -> 44 | O63: =SUMIFS(DetalleCalculos!$P:$P,DetalleCalculos!$W:$W,$K63,DetalleCalculos!$H:$H,$M63) -> 44 | P63: =SUMIFS(DetalleCalculos!$Q:$Q,DetalleCalculos!$W:$W,$K63,DetalleCalculos!$H:$H,$M63) -> 0 | Q63: =+IF(L63=1,O63,P63) -> 44 | R63: =+IF(N63-Q63<=0,0,N63-Q63) -> 0 | S63: =_xlfn.XLOOKUP($J63&$K63&$M63,DetalleCalculos!$B:$B,DetalleCalculos!$O:$O,"",0,1) -> 4-0-3 | T63: =+_xlfn.XLOOKUP($S63,'Horarios y Sistemas'!$C:$C,'Horarios y Sistemas'!M:M,0,0,1) -> 1 | U63: =1-T63 -> 0 | V63: =+T63*R63 -> 0 | W63: =+U63*R63 -> 0 | X63: =+V63*X$5 -> 0 | Y63: =+W63*Y$5 -> 0 | Z63: Neto Periodo Proporcional | AA63: =+IF(AA62<=0,0,IF(AND(AA62>AB62,AB62<=0),IF(AA62+AB62>0,AA62+AB62,0),IF(AND(AA62>0,AB62>0),AA62,0))) -> 4.32 | AB63: =+IF(AB62<=0,0,IF(AND(AB62>AA62,AA62<=0),IF(AB62+AA62>0,AB62+AA62,0),IF(AND(AB62>0,AA62>0),AB62,0))) -> 45.78 | AC63: Horas Extras Finales | AD63: =+AA63/$X$5 -> 2.88 | AE63: =+AB63/$Y$5 -> 30.52
B64: MYNOR ROLANDO ACAJABON MORALES | C64: =+SUMIFS(AD$23:AD$223,$M$23:$M$223,$B64,$AC$23:$AC$223,$B$20) -> 0 | D64: =+SUMIFS(AE$23:AE$223,$M$23:$M$223,$B64,$AC$23:$AC$223,$B$20) -> 0 | E64: =+SUM(C64:D64) -> 0 | H64: =+I64&J64&K64&M64 -> SEPTIEMBRESem4040David Alexander Ordoñez Sales | I64: =+_xlfn.XLOOKUP(K64,DetalleCalculos!W:W,DetalleCalculos!S:S,"",0,1) -> SEPTIEMBRE | J64: =+"Sem"&K64 -> Sem40 | K64: =+$H$19 -> 40 | L64: =+IF(_xlfn.XLOOKUP(K64,DetalleCalculos!W:W,DetalleCalculos!U:U,0,0,1)=7,1,2) -> 1 | M64: {=+INDEX($B$23:$B$89,ROUNDUP((ROW()-22)/3,0))} -> David Alexander Ordoñez Sales | N64: =SUMIFS(DetalleCalculos!$N:$N,DetalleCalculos!$W:$W,$K64,DetalleCalculos!$H:$H,$M64)*24 -> 55 | O64: =SUMIFS(DetalleCalculos!$P:$P,DetalleCalculos!$W:$W,$K64,DetalleCalculos!$H:$H,$M64) -> 36 | P64: =SUMIFS(DetalleCalculos!$Q:$Q,DetalleCalculos!$W:$W,$K64,DetalleCalculos!$H:$H,$M64) -> 0 | Q64: =+IF(L64=1,O64,P64) -> 36 | R64: =+IF(N64-Q64<=0,0,N64-Q64) -> 19 | S64: =_xlfn.XLOOKUP($J64&$K64&$M64,DetalleCalculos!$B:$B,DetalleCalculos!$O:$O,"",0,1) -> 0-5-2 | T64: =+_xlfn.XLOOKUP($S64,'Horarios y Sistemas'!$C:$C,'Horarios y Sistemas'!M:M,0,0,1) -> 0 | U64: =1-T64 -> 1 | V64: =+T64*R64 -> 0 | W64: =+U64*R64 -> 19 | X64: =+V64*X$5 -> 0 | Y64: =+W64*Y$5 -> 28.5
B65: Marcos Hosdualvi Hernadez Obando | C65: =+SUMIFS(AD$23:AD$223,$M$23:$M$223,$B65,$AC$23:$AC$223,$B$20) -> 0 | D65: =+SUMIFS(AE$23:AE$223,$M$23:$M$223,$B65,$AC$23:$AC$223,$B$20) -> 19 | E65: =+SUM(C65:D65) -> 19 | H65: =+I65&J65&K65&M65 -> SEPTIEMBRESem3838Diego Flavio Rivas | I65: =+_xlfn.XLOOKUP(K65,DetalleCalculos!W:W,DetalleCalculos!S:S,"",0,1) -> SEPTIEMBRE | J65: =+"Sem"&K65 -> Sem38 | K65: =+$H$17 -> 38 | L65: =+IF(_xlfn.XLOOKUP(K65,DetalleCalculos!W:W,DetalleCalculos!U:U,0,0,1)=7,1,2) -> 1 | M65: {=+INDEX($B$23:$B$89,ROUNDUP((ROW()-22)/3,0))} -> Diego Flavio Rivas | N65: =SUMIFS(DetalleCalculos!$N:$N,DetalleCalculos!$W:$W,$K65,DetalleCalculos!$H:$H,$M65)*24 -> 52 | O65: =SUMIFS(DetalleCalculos!$P:$P,DetalleCalculos!$W:$W,$K65,DetalleCalculos!$H:$H,$M65) -> 37.6 | P65: =SUMIFS(DetalleCalculos!$Q:$Q,DetalleCalculos!$W:$W,$K65,DetalleCalculos!$H:$H,$M65) -> 0 | Q65: =+IF(L65=1,O65,P65) -> 37.6 | R65: =+IF(N65-Q65<=0,0,N65-Q65) -> 14.4 | S65: =_xlfn.XLOOKUP($J65&$K65&$M65,DetalleCalculos!$B:$B,DetalleCalculos!$O:$O,"",0,1) -> 1-4-2 | T65: =+_xlfn.XLOOKUP($S65,'Horarios y Sistemas'!$C:$C,'Horarios y Sistemas'!M:M,0,0,1) -> 0.2 | U65: =1-T65 -> 0.8 | V65: =+T65*R65 -> 2.88 | W65: =+U65*R65 -> 11.52 | X65: =+V65*X$5 -> 4.32 | Y65: =+W65*Y$5 -> 17.28 | Z65: Neto Periodo | AA65: =+SUM(X65:X67) -> 4.32 | AB65: =+SUM(Y65:Y67) -> 45.78
B66: Marvin Alexander Flores Fuentes | C66: =+SUMIFS(AD$23:AD$223,$M$23:$M$223,$B66,$AC$23:$AC$223,$B$20) -> 21 | D66: =+SUMIFS(AE$23:AE$223,$M$23:$M$223,$B66,$AC$23:$AC$223,$B$20) -> 0 | E66: =+SUM(C66:D66) -> 21 | H66: =+I66&J66&K66&M66 -> SEPTIEMBRESem3939Diego Flavio Rivas | I66: =+_xlfn.XLOOKUP(K66,DetalleCalculos!W:W,DetalleCalculos!S:S,"",0,1) -> SEPTIEMBRE | J66: =+"Sem"&K66 -> Sem39 | K66: =+$H$18 -> 39 | L66: =+IF(_xlfn.XLOOKUP(K66,DetalleCalculos!W:W,DetalleCalculos!U:U,0,0,1)=7,1,2) -> 1 | M66: {=+INDEX($B$23:$B$89,ROUNDUP((ROW()-22)/3,0))} -> Diego Flavio Rivas | N66: =SUMIFS(DetalleCalculos!$N:$N,DetalleCalculos!$W:$W,$K66,DetalleCalculos!$H:$H,$M66)*24 -> 44 | O66: =SUMIFS(DetalleCalculos!$P:$P,DetalleCalculos!$W:$W,$K66,DetalleCalculos!$H:$H,$M66) -> 44 | P66: =SUMIFS(DetalleCalculos!$Q:$Q,DetalleCalculos!$W:$W,$K66,DetalleCalculos!$H:$H,$M66) -> 0 | Q66: =+IF(L66=1,O66,P66) -> 44 | R66: =+IF(N66-Q66<=0,0,N66-Q66) -> 0 | S66: =_xlfn.XLOOKUP($J66&$K66&$M66,DetalleCalculos!$B:$B,DetalleCalculos!$O:$O,"",0,1) -> 4-0-3 | T66: =+_xlfn.XLOOKUP($S66,'Horarios y Sistemas'!$C:$C,'Horarios y Sistemas'!M:M,0,0,1) -> 1 | U66: =1-T66 -> 0 | V66: =+T66*R66 -> 0 | W66: =+U66*R66 -> 0 | X66: =+V66*X$5 -> 0 | Y66: =+W66*Y$5 -> 0 | Z66: Neto Periodo Proporcional | AA66: =+IF(AA65<=0,0,IF(AND(AA65>AB65,AB65<=0),IF(AA65+AB65>0,AA65+AB65,0),IF(AND(AA65>0,AB65>0),AA65,0))) -> 4.32 | AB66: =+IF(AB65<=0,0,IF(AND(AB65>AA65,AA65<=0),IF(AB65+AA65>0,AB65+AA65,0),IF(AND(AB65>0,AA65>0),AB65,0))) -> 45.78 | AC66: Horas Extras Finales | AD66: =+AA66/$X$5 -> 2.88 | AE66: =+AB66/$Y$5 -> 30.52
B67: OSCAR GERARDO ASTURIAS RUIZ | C67: =+SUMIFS(AD$23:AD$223,$M$23:$M$223,$B67,$AC$23:$AC$223,$B$20) -> 1.28 | D67: =+SUMIFS(AE$23:AE$223,$M$23:$M$223,$B67,$AC$23:$AC$223,$B$20) -> 5.12 | E67: =+SUM(C67:D67) -> 6.4 | H67: =+I67&J67&K67&M67 -> SEPTIEMBRESem4040Diego Flavio Rivas | I67: =+_xlfn.XLOOKUP(K67,DetalleCalculos!W:W,DetalleCalculos!S:S,"",0,1) -> SEPTIEMBRE | J67: =+"Sem"&K67 -> Sem40 | K67: =+$H$19 -> 40 | L67: =+IF(_xlfn.XLOOKUP(K67,DetalleCalculos!W:W,DetalleCalculos!U:U,0,0,1)=7,1,2) -> 1 | M67: {=+INDEX($B$23:$B$89,ROUNDUP((ROW()-22)/3,0))} -> Diego Flavio Rivas | N67: =SUMIFS(DetalleCalculos!$N:$N,DetalleCalculos!$W:$W,$K67,DetalleCalculos!$H:$H,$M67)*24 -> 55 | O67: =SUMIFS(DetalleCalculos!$P:$P,DetalleCalculos!$W:$W,$K67,DetalleCalculos!$H:$H,$M67) -> 36 | P67: =SUMIFS(DetalleCalculos!$Q:$Q,DetalleCalculos!$W:$W,$K67,DetalleCalculos!$H:$H,$M67) -> 0 | Q67: =+IF(L67=1,O67,P67) -> 36 | R67: =+IF(N67-Q67<=0,0,N67-Q67) -> 19 | S67: =_xlfn.XLOOKUP($J67&$K67&$M67,DetalleCalculos!$B:$B,DetalleCalculos!$O:$O,"",0,1) -> 0-5-2 | T67: =+_xlfn.XLOOKUP($S67,'Horarios y Sistemas'!$C:$C,'Horarios y Sistemas'!M:M,0,0,1) -> 0 | U67: =1-T67 -> 1 | V67: =+T67*R67 -> 0 | W67: =+U67*R67 -> 19 | X67: =+V67*X$5 -> 0 | Y67: =+W67*Y$5 -> 28.5
B68: RIXTUN MELGAR CARLOS LEONEL | C68: =+SUMIFS(AD$23:AD$223,$M$23:$M$223,$B68,$AC$23:$AC$223,$B$20) -> 13 | D68: =+SUMIFS(AE$23:AE$223,$M$23:$M$223,$B68,$AC$23:$AC$223,$B$20) -> 9 | E68: =+SUM(C68:D68) -> 22 | H68: =+I68&J68&K68&M68 -> SEPTIEMBRESem3838EDSON JAIR LEAL GRIJALVA | I68: =+_xlfn.XLOOKUP(K68,DetalleCalculos!W:W,DetalleCalculos!S:S,"",0,1) -> SEPTIEMBRE | J68: =+"Sem"&K68 -> Sem38 | K68: =+$H$17 -> 38 | L68: =+IF(_xlfn.XLOOKUP(K68,DetalleCalculos!W:W,DetalleCalculos!U:U,0,0,1)=7,1,2) -> 1 | M68: {=+INDEX($B$23:$B$89,ROUNDUP((ROW()-22)/3,0))} -> EDSON JAIR LEAL GRIJALVA | N68: =SUMIFS(DetalleCalculos!$N:$N,DetalleCalculos!$W:$W,$K68,DetalleCalculos!$H:$H,$M68)*24 -> 0 | O68: =SUMIFS(DetalleCalculos!$P:$P,DetalleCalculos!$W:$W,$K68,DetalleCalculos!$H:$H,$M68) -> 0 | P68: =SUMIFS(DetalleCalculos!$Q:$Q,DetalleCalculos!$W:$W,$K68,DetalleCalculos!$H:$H,$M68) -> 0 | Q68: =+IF(L68=1,O68,P68) -> 0 | R68: =+IF(N68-Q68<=0,0,N68-Q68) -> 0 | S68: =_xlfn.XLOOKUP($J68&$K68&$M68,DetalleCalculos!$B:$B,DetalleCalculos!$O:$O,"",0,1) | T68: =+_xlfn.XLOOKUP($S68,'Horarios y Sistemas'!$C:$C,'Horarios y Sistemas'!M:M,0,0,1) -> 0 | U68: =1-T68 -> 1 | V68: =+T68*R68 -> 0 | W68: =+U68*R68 -> 0 | X68: =+V68*X$5 -> 0 | Y68: =+W68*Y$5 -> 0 | Z68: Neto Periodo | AA68: =+SUM(X68:X70) -> 0 | AB68: =+SUM(Y68:Y70) -> 0
B69: RUBEN DARIO RAXON SOTO | C69: =+SUMIFS(AD$23:AD$223,$M$23:$M$223,$B69,$AC$23:$AC$223,$B$20) -> 19.5 | D69: =+SUMIFS(AE$23:AE$223,$M$23:$M$223,$B69,$AC$23:$AC$223,$B$20) -> 20.25 | E69: =+SUM(C69:D69) -> 39.75 | H69: =+I69&J69&K69&M69 -> SEPTIEMBRESem3939EDSON JAIR LEAL GRIJALVA | I69: =+_xlfn.XLOOKUP(K69,DetalleCalculos!W:W,DetalleCalculos!S:S,"",0,1) -> SEPTIEMBRE | J69: =+"Sem"&K69 -> Sem39 | K69: =+$H$18 -> 39 | L69: =+IF(_xlfn.XLOOKUP(K69,DetalleCalculos!W:W,DetalleCalculos!U:U,0,0,1)=7,1,2) -> 1 | M69: {=+INDEX($B$23:$B$89,ROUNDUP((ROW()-22)/3,0))} -> EDSON JAIR LEAL GRIJALVA | N69: =SUMIFS(DetalleCalculos!$N:$N,DetalleCalculos!$W:$W,$K69,DetalleCalculos!$H:$H,$M69)*24 -> 0 | O69: =SUMIFS(DetalleCalculos!$P:$P,DetalleCalculos!$W:$W,$K69,DetalleCalculos!$H:$H,$M69) -> 0 | P69: =SUMIFS(DetalleCalculos!$Q:$Q,DetalleCalculos!$W:$W,$K69,DetalleCalculos!$H:$H,$M69) -> 0 | Q69: =+IF(L69=1,O69,P69) -> 0 | R69: =+IF(N69-Q69<=0,0,N69-Q69) -> 0 | S69: =_xlfn.XLOOKUP($J69&$K69&$M69,DetalleCalculos!$B:$B,DetalleCalculos!$O:$O,"",0,1) | T69: =+_xlfn.XLOOKUP($S69,'Horarios y Sistemas'!$C:$C,'Horarios y Sistemas'!M:M,0,0,1) -> 0 | U69: =1-T69 -> 1 | V69: =+T69*R69 -> 0 | W69: =+U69*R69 -> 0 | X69: =+V69*X$5 -> 0 | Y69: =+W69*Y$5 -> 0 | Z69: Neto Periodo Proporcional | AA69: =+IF(AA68<=0,0,IF(AND(AA68>AB68,AB68<=0),IF(AA68+AB68>0,AA68+AB68,0),IF(AND(AA68>0,AB68>0),AA68,0))) -> 0 | AB69: =+IF(AB68<=0,0,IF(AND(AB68>AA68,AA68<=0),IF(AB68+AA68>0,AB68+AA68,0),IF(AND(AB68>0,AA68>0),AB68,0))) -> 0 | AC69: Horas Extras Finales | AD69: =+AA69/$X$5 -> 0 | AE69: =+AB69/$Y$5 -> 0
B70: RUDY ALEXANDER RODRIGUEZ ORTEGA | C70: =+SUMIFS(AD$23:AD$223,$M$23:$M$223,$B70,$AC$23:$AC$223,$B$20) -> 12 | D70: =+SUMIFS(AE$23:AE$223,$M$23:$M$223,$B70,$AC$23:$AC$223,$B$20) -> 0 | E70: =+SUM(C70:D70) -> 12 | H70: =+I70&J70&K70&M70 -> SEPTIEMBRESem4040EDSON JAIR LEAL GRIJALVA | I70: =+_xlfn.XLOOKUP(K70,DetalleCalculos!W:W,DetalleCalculos!S:S,"",0,1) -> SEPTIEMBRE | J70: =+"Sem"&K70 -> Sem40 | K70: =+$H$19 -> 40 | L70: =+IF(_xlfn.XLOOKUP(K70,DetalleCalculos!W:W,DetalleCalculos!U:U,0,0,1)=7,1,2) -> 1 | M70: {=+INDEX($B$23:$B$89,ROUNDUP((ROW()-22)/3,0))} -> EDSON JAIR LEAL GRIJALVA | N70: =SUMIFS(DetalleCalculos!$N:$N,DetalleCalculos!$W:$W,$K70,DetalleCalculos!$H:$H,$M70)*24 -> 0 | O70: =SUMIFS(DetalleCalculos!$P:$P,DetalleCalculos!$W:$W,$K70,DetalleCalculos!$H:$H,$M70) -> 0 | P70: =SUMIFS(DetalleCalculos!$Q:$Q,DetalleCalculos!$W:$W,$K70,DetalleCalculos!$H:$H,$M70) -> 0 | Q70: =+IF(L70=1,O70,P70) -> 0 | R70: =+IF(N70-Q70<=0,0,N70-Q70) -> 0 | S70: =_xlfn.XLOOKUP($J70&$K70&$M70,DetalleCalculos!$B:$B,DetalleCalculos!$O:$O,"",0,1) | T70: =+_xlfn.XLOOKUP($S70,'Horarios y Sistemas'!$C:$C,'Horarios y Sistemas'!M:M,0,0,1) -> 0 | U70: =1-T70 -> 1 | V70: =+T70*R70 -> 0 | W70: =+U70*R70 -> 0 | X70: =+V70*X$5 -> 0 | Y70: =+W70*Y$5 -> 0
B71: RUIZ GARCIA CARLOS RENE | C71: =+SUMIFS(AD$23:AD$223,$M$23:$M$223,$B71,$AC$23:$AC$223,$B$20) -> 19.5 | D71: =+SUMIFS(AE$23:AE$223,$M$23:$M$223,$B71,$AC$23:$AC$223,$B$20) -> 20.25 | E71: =+SUM(C71:D71) -> 39.75 | H71: =+I71&J71&K71&M71 -> SEPTIEMBRESem3838EFREN ESTUARDO LOPEZ GARCIA | I71: =+_xlfn.XLOOKUP(K71,DetalleCalculos!W:W,DetalleCalculos!S:S,"",0,1) -> SEPTIEMBRE | J71: =+"Sem"&K71 -> Sem38 | K71: =+$H$17 -> 38 | L71: =+IF(_xlfn.XLOOKUP(K71,DetalleCalculos!W:W,DetalleCalculos!U:U,0,0,1)=7,1,2) -> 1 | M71: {=+INDEX($B$23:$B$89,ROUNDUP((ROW()-22)/3,0))} -> EFREN ESTUARDO LOPEZ GARCIA | N71: =SUMIFS(DetalleCalculos!$N:$N,DetalleCalculos!$W:$W,$K71,DetalleCalculos!$H:$H,$M71)*24 -> 45 | O71: =SUMIFS(DetalleCalculos!$P:$P,DetalleCalculos!$W:$W,$K71,DetalleCalculos!$H:$H,$M71) -> 44 | P71: =SUMIFS(DetalleCalculos!$Q:$Q,DetalleCalculos!$W:$W,$K71,DetalleCalculos!$H:$H,$M71) -> 0 | Q71: =+IF(L71=1,O71,P71) -> 44 | R71: =+IF(N71-Q71<=0,0,N71-Q71) -> 1 | S71: =_xlfn.XLOOKUP($J71&$K71&$M71,DetalleCalculos!$B:$B,DetalleCalculos!$O:$O,"",0,1) -> 5-0-2 | T71: =+_xlfn.XLOOKUP($S71,'Horarios y Sistemas'!$C:$C,'Horarios y Sistemas'!M:M,0,0,1) -> 1 | U71: =1-T71 -> 0 | V71: =+T71*R71 -> 1 | W71: =+U71*R71 -> 0 | X71: =+V71*X$5 -> 1.5 | Y71: =+W71*Y$5 -> 0 | Z71: Neto Periodo | AA71: =+SUM(X71:X73) -> 20.666667 | AB71: =+SUM(Y71:Y73) -> 3.8333333
B72: Roberto Misael Aceituno | C72: =+SUMIFS(AD$23:AD$223,$M$23:$M$223,$B72,$AC$23:$AC$223,$B$20) -> 2.88 | D72: =+SUMIFS(AE$23:AE$223,$M$23:$M$223,$B72,$AC$23:$AC$223,$B$20) -> 30.52 | E72: =+SUM(C72:D72) -> 33.4 | H72: =+I72&J72&K72&M72 -> SEPTIEMBRESem3939EFREN ESTUARDO LOPEZ GARCIA | I72: =+_xlfn.XLOOKUP(K72,DetalleCalculos!W:W,DetalleCalculos!S:S,"",0,1) -> SEPTIEMBRE | J72: =+"Sem"&K72 -> Sem39 | K72: =+$H$18 -> 39 | L72: =+IF(_xlfn.XLOOKUP(K72,DetalleCalculos!W:W,DetalleCalculos!U:U,0,0,1)=7,1,2) -> 1 | M72: {=+INDEX($B$23:$B$89,ROUNDUP((ROW()-22)/3,0))} -> EFREN ESTUARDO LOPEZ GARCIA | N72: =SUMIFS(DetalleCalculos!$N:$N,DetalleCalculos!$W:$W,$K72,DetalleCalculos!$H:$H,$M72)*24 -> 11 | O72: =SUMIFS(DetalleCalculos!$P:$P,DetalleCalculos!$W:$W,$K72,DetalleCalculos!$H:$H,$M72) -> 44 | P72: =SUMIFS(DetalleCalculos!$Q:$Q,DetalleCalculos!$W:$W,$K72,DetalleCalculos!$H:$H,$M72) -> 0 | Q72: =+IF(L72=1,O72,P72) -> 44 | R72: =+IF(N72-Q72<=0,0,N72-Q72) -> 0 | S72: =_xlfn.XLOOKUP($J72&$K72&$M72,DetalleCalculos!$B:$B,DetalleCalculos!$O:$O,"",0,1) -> 1-0-6 | T72: =+_xlfn.XLOOKUP($S72,'Horarios y Sistemas'!$C:$C,'Horarios y Sistemas'!M:M,0,0,1) -> 1 | U72: =1-T72 -> 0 | V72: =+T72*R72 -> 0 | W72: =+U72*R72 -> 0 | X72: =+V72*X$5 -> 0 | Y72: =+W72*Y$5 -> 0 | Z72: Neto Periodo Proporcional | AA72: =+IF(AA71<=0,0,IF(AND(AA71>AB71,AB71<=0),IF(AA71+AB71>0,AA71+AB71,0),IF(AND(AA71>0,AB71>0),AA71,0))) -> 20.666667 | AB72: =+IF(AB71<=0,0,IF(AND(AB71>AA71,AA71<=0),IF(AB71+AA71>0,AB71+AA71,0),IF(AND(AB71>0,AA71>0),AB71,0))) -> 3.8333333 | AC72: Horas Extras Finales | AD72: =+AA72/$X$5 -> 13.777778 | AE72: =+AB72/$Y$5 -> 2.5555556
B73: SARA ABIGAIL CHACÓN PARADA | C73: =+SUMIFS(AD$23:AD$223,$M$23:$M$223,$B73,$AC$23:$AC$223,$B$20) -> 0 | D73: =+SUMIFS(AE$23:AE$223,$M$23:$M$223,$B73,$AC$23:$AC$223,$B$20) -> 0 | E73: =+SUM(C73:D73) -> 0 | H73: =+I73&J73&K73&M73 -> SEPTIEMBRESem4040EFREN ESTUARDO LOPEZ GARCIA | I73: =+_xlfn.XLOOKUP(K73,DetalleCalculos!W:W,DetalleCalculos!S:S,"",0,1) -> SEPTIEMBRE | J73: =+"Sem"&K73 -> Sem40 | K73: =+$H$19 -> 40 | L73: =+IF(_xlfn.XLOOKUP(K73,DetalleCalculos!W:W,DetalleCalculos!U:U,0,0,1)=7,1,2) -> 1 | M73: {=+INDEX($B$23:$B$89,ROUNDUP((ROW()-22)/3,0))} -> EFREN ESTUARDO LOPEZ GARCIA | N73: =SUMIFS(DetalleCalculos!$N:$N,DetalleCalculos!$W:$W,$K73,DetalleCalculos!$H:$H,$M73)*24 -> 58 | O73: =SUMIFS(DetalleCalculos!$P:$P,DetalleCalculos!$W:$W,$K73,DetalleCalculos!$H:$H,$M73) -> 42.666667 | P73: =SUMIFS(DetalleCalculos!$Q:$Q,DetalleCalculos!$W:$W,$K73,DetalleCalculos!$H:$H,$M73) -> 0 | Q73: =+IF(L73=1,O73,P73) -> 42.666667 | R73: =+IF(N73-Q73<=0,0,N73-Q73) -> 15.333333 | S73: =_xlfn.XLOOKUP($J73&$K73&$M73,DetalleCalculos!$B:$B,DetalleCalculos!$O:$O,"",0,1) -> 5-1-1 | T73: =+_xlfn.XLOOKUP($S73,'Horarios y Sistemas'!$C:$C,'Horarios y Sistemas'!M:M,0,0,1) -> 0.83333333 | U73: =1-T73 -> 0.16666667 | V73: =+T73*R73 -> 12.777778 | W73: =+U73*R73 -> 2.5555556 | X73: =+V73*X$5 -> 19.166667 | Y73: =+W73*Y$5 -> 3.8333333
B74: SAZO DE LA CRUZ SELINA ROSSANA | C74: =+SUMIFS(AD$23:AD$223,$M$23:$M$223,$B74,$AC$23:$AC$223,$B$20) -> 0 | D74: =+SUMIFS(AE$23:AE$223,$M$23:$M$223,$B74,$AC$23:$AC$223,$B$20) -> 0 | E74: =+SUM(C74:D74) -> 0 | H74: =+I74&J74&K74&M74 -> SEPTIEMBRESem3838ELMER CRISTOBAL LOPEZ HERNANDEZ | I74: =+_xlfn.XLOOKUP(K74,DetalleCalculos!W:W,DetalleCalculos!S:S,"",0,1) -> SEPTIEMBRE | J74: =+"Sem"&K74 -> Sem38 | K74: =+$H$17 -> 38 | L74: =+IF(_xlfn.XLOOKUP(K74,DetalleCalculos!W:W,DetalleCalculos!U:U,0,0,1)=7,1,2) -> 1 | M74: {=+INDEX($B$23:$B$89,ROUNDUP((ROW()-22)/3,0))} -> ELMER CRISTOBAL LOPEZ HERNANDEZ | N74: =SUMIFS(DetalleCalculos!$N:$N,DetalleCalculos!$W:$W,$K74,DetalleCalculos!$H:$H,$M74)*24 -> 36 | O74: =SUMIFS(DetalleCalculos!$P:$P,DetalleCalculos!$W:$W,$K74,DetalleCalculos!$H:$H,$M74) -> 44 | P74: =SUMIFS(DetalleCalculos!$Q:$Q,DetalleCalculos!$W:$W,$K74,DetalleCalculos!$H:$H,$M74) -> 0 | Q74: =+IF(L74=1,O74,P74) -> 44 | R74: =+IF(N74-Q74<=0,0,N74-Q74) -> 0 | S74: =_xlfn.XLOOKUP($J74&$K74&$M74,DetalleCalculos!$B:$B,DetalleCalculos!$O:$O,"",0,1) -> 5-0-2 | T74: =+_xlfn.XLOOKUP($S74,'Horarios y Sistemas'!$C:$C,'Horarios y Sistemas'!M:M,0,0,1) -> 1 | U74: =1-T74 -> 0 | V74: =+T74*R74 -> 0 | W74: =+U74*R74 -> 0 | X74: =+V74*X$5 -> 0 | Y74: =+W74*Y$5 -> 0 | Z74: Neto Periodo | AA74: =+SUM(X74:X76) -> 0 | AB74: =+SUM(Y74:Y76) -> 0
B75: STEFAN GABRIEL ALVARADO DE LA ROSA | C75: =+SUMIFS(AD$23:AD$223,$M$23:$M$223,$B75,$AC$23:$AC$223,$B$20) -> 1.52 | D75: =+SUMIFS(AE$23:AE$223,$M$23:$M$223,$B75,$AC$23:$AC$223,$B$20) -> 11.28 | E75: =+SUM(C75:D75) -> 12.8 | H75: =+I75&J75&K75&M75 -> SEPTIEMBRESem3939ELMER CRISTOBAL LOPEZ HERNANDEZ | I75: =+_xlfn.XLOOKUP(K75,DetalleCalculos!W:W,DetalleCalculos!S:S,"",0,1) -> SEPTIEMBRE | J75: =+"Sem"&K75 -> Sem39 | K75: =+$H$18 -> 39 | L75: =+IF(_xlfn.XLOOKUP(K75,DetalleCalculos!W:W,DetalleCalculos!U:U,0,0,1)=7,1,2) -> 1 | M75: {=+INDEX($B$23:$B$89,ROUNDUP((ROW()-22)/3,0))} -> ELMER CRISTOBAL LOPEZ HERNANDEZ | N75: =SUMIFS(DetalleCalculos!$N:$N,DetalleCalculos!$W:$W,$K75,DetalleCalculos!$H:$H,$M75)*24 -> 44 | O75: =SUMIFS(DetalleCalculos!$P:$P,DetalleCalculos!$W:$W,$K75,DetalleCalculos!$H:$H,$M75) -> 44 | P75: =SUMIFS(DetalleCalculos!$Q:$Q,DetalleCalculos!$W:$W,$K75,DetalleCalculos!$H:$H,$M75) -> 0 | Q75: =+IF(L75=1,O75,P75) -> 44 | R75: =+IF(N75-Q75<=0,0,N75-Q75) -> 0 | S75: =_xlfn.XLOOKUP($J75&$K75&$M75,DetalleCalculos!$B:$B,DetalleCalculos!$O:$O,"",0,1) -> 6-0-1 | T75: =+_xlfn.XLOOKUP($S75,'Horarios y Sistemas'!$C:$C,'Horarios y Sistemas'!M:M,0,0,1) -> 1 | U75: =1-T75 -> 0 | V75: =+T75*R75 -> 0 | W75: =+U75*R75 -> 0 | X75: =+V75*X$5 -> 0 | Y75: =+W75*Y$5 -> 0 | Z75: Neto Periodo Proporcional | AA75: =+IF(AA74<=0,0,IF(AND(AA74>AB74,AB74<=0),IF(AA74+AB74>0,AA74+AB74,0),IF(AND(AA74>0,AB74>0),AA74,0))) -> 0 | AB75: =+IF(AB74<=0,0,IF(AND(AB74>AA74,AA74<=0),IF(AB74+AA74>0,AB74+AA74,0),IF(AND(AB74>0,AA74>0),AB74,0))) -> 0 | AC75: Horas Extras Finales | AD75: =+AA75/$X$5 -> 0 | AE75: =+AB75/$Y$5 -> 0
B76: VICTOR MANUEL GARCIA CORADO | C76: =+SUMIFS(AD$23:AD$223,$M$23:$M$223,$B76,$AC$23:$AC$223,$B$20) -> 0 | D76: =+SUMIFS(AE$23:AE$223,$M$23:$M$223,$B76,$AC$23:$AC$223,$B$20) -> 0 | E76: =+SUM(C76:D76) -> 0 | H76: =+I76&J76&K76&M76 -> SEPTIEMBRESem4040ELMER CRISTOBAL LOPEZ HERNANDEZ | I76: =+_xlfn.XLOOKUP(K76,DetalleCalculos!W:W,DetalleCalculos!S:S,"",0,1) -> SEPTIEMBRE | J76: =+"Sem"&K76 -> Sem40 | K76: =+$H$19 -> 40 | L76: =+IF(_xlfn.XLOOKUP(K76,DetalleCalculos!W:W,DetalleCalculos!U:U,0,0,1)=7,1,2) -> 1 | M76: {=+INDEX($B$23:$B$89,ROUNDUP((ROW()-22)/3,0))} -> ELMER CRISTOBAL LOPEZ HERNANDEZ | N76: =SUMIFS(DetalleCalculos!$N:$N,DetalleCalculos!$W:$W,$K76,DetalleCalculos!$H:$H,$M76)*24 -> 44 | O76: =SUMIFS(DetalleCalculos!$P:$P,DetalleCalculos!$W:$W,$K76,DetalleCalculos!$H:$H,$M76) -> 44 | P76: =SUMIFS(DetalleCalculos!$Q:$Q,DetalleCalculos!$W:$W,$K76,DetalleCalculos!$H:$H,$M76) -> 0 | Q76: =+IF(L76=1,O76,P76) -> 44 | R76: =+IF(N76-Q76<=0,0,N76-Q76) -> 0 | S76: =_xlfn.XLOOKUP($J76&$K76&$M76,DetalleCalculos!$B:$B,DetalleCalculos!$O:$O,"",0,1) -> 6-0-1 | T76: =+_xlfn.XLOOKUP($S76,'Horarios y Sistemas'!$C:$C,'Horarios y Sistemas'!M:M,0,0,1) -> 1 | U76: =1-T76 -> 0 | V76: =+T76*R76 -> 0 | W76: =+U76*R76 -> 0 | X76: =+V76*X$5 -> 0 | Y76: =+W76*Y$5 -> 0
B77: Wilber Alexader Jimenez Luna | C77: =+SUMIFS(AD$23:AD$223,$M$23:$M$223,$B77,$AC$23:$AC$223,$B$20) -> 23 | D77: =+SUMIFS(AE$23:AE$223,$M$23:$M$223,$B77,$AC$23:$AC$223,$B$20) -> 0 | E77: =+SUM(C77:D77) -> 23 | H77: =+I77&J77&K77&M77 -> SEPTIEMBRESem3838EMERSON ALDAIR BIAN CONTRERAS | I77: =+_xlfn.XLOOKUP(K77,DetalleCalculos!W:W,DetalleCalculos!S:S,"",0,1) -> SEPTIEMBRE | J77: =+"Sem"&K77 -> Sem38 | K77: =+$H$17 -> 38 | L77: =+IF(_xlfn.XLOOKUP(K77,DetalleCalculos!W:W,DetalleCalculos!U:U,0,0,1)=7,1,2) -> 1 | M77: {=+INDEX($B$23:$B$89,ROUNDUP((ROW()-22)/3,0))} -> EMERSON ALDAIR BIAN CONTRERAS | N77: =SUMIFS(DetalleCalculos!$N:$N,DetalleCalculos!$W:$W,$K77,DetalleCalculos!$H:$H,$M77)*24 -> 41 | O77: =SUMIFS(DetalleCalculos!$P:$P,DetalleCalculos!$W:$W,$K77,DetalleCalculos!$H:$H,$M77) -> 38 | P77: =SUMIFS(DetalleCalculos!$Q:$Q,DetalleCalculos!$W:$W,$K77,DetalleCalculos!$H:$H,$M77) -> 0 | Q77: =+IF(L77=1,O77,P77) -> 38 | R77: =+IF(N77-Q77<=0,0,N77-Q77) -> 3 | S77: =_xlfn.XLOOKUP($J77&$K77&$M77,DetalleCalculos!$B:$B,DetalleCalculos!$O:$O,"",0,1) -> 1-3-3 | T77: =+_xlfn.XLOOKUP($S77,'Horarios y Sistemas'!$C:$C,'Horarios y Sistemas'!M:M,0,0,1) -> 0.25 | U77: =1-T77 -> 0.75 | V77: =+T77*R77 -> 0.75 | W77: =+U77*R77 -> 2.25 | X77: =+V77*X$5 -> 1.125 | Y77: =+W77*Y$5 -> 3.375 | Z77: Neto Periodo | AA77: =+SUM(X77:X79) -> 28.125 | AB77: =+SUM(Y77:Y79) -> 31.875
B78: YORMAN ALEJANDRO PEREZ CHAJON | C78: =+SUMIFS(AD$23:AD$223,$M$23:$M$223,$B78,$AC$23:$AC$223,$B$20) -> 0 | D78: =+SUMIFS(AE$23:AE$223,$M$23:$M$223,$B78,$AC$23:$AC$223,$B$20) -> 9 | E78: =+SUM(C78:D78) -> 9 | H78: =+I78&J78&K78&M78 -> SEPTIEMBRESem3939EMERSON ALDAIR BIAN CONTRERAS | I78: =+_xlfn.XLOOKUP(K78,DetalleCalculos!W:W,DetalleCalculos!S:S,"",0,1) -> SEPTIEMBRE | J78: =+"Sem"&K78 -> Sem39 | K78: =+$H$18 -> 39 | L78: =+IF(_xlfn.XLOOKUP(K78,DetalleCalculos!W:W,DetalleCalculos!U:U,0,0,1)=7,1,2) -> 1 | M78: {=+INDEX($B$23:$B$89,ROUNDUP((ROW()-22)/3,0))} -> EMERSON ALDAIR BIAN CONTRERAS | N78: =SUMIFS(DetalleCalculos!$N:$N,DetalleCalculos!$W:$W,$K78,DetalleCalculos!$H:$H,$M78)*24 -> 62 | O78: =SUMIFS(DetalleCalculos!$P:$P,DetalleCalculos!$W:$W,$K78,DetalleCalculos!$H:$H,$M78) -> 44 | P78: =SUMIFS(DetalleCalculos!$Q:$Q,DetalleCalculos!$W:$W,$K78,DetalleCalculos!$H:$H,$M78) -> 0 | Q78: =+IF(L78=1,O78,P78) -> 44 | R78: =+IF(N78-Q78<=0,0,N78-Q78) -> 18 | S78: =_xlfn.XLOOKUP($J78&$K78&$M78,DetalleCalculos!$B:$B,DetalleCalculos!$O:$O,"",0,1) -> 6-0-1 | T78: =+_xlfn.XLOOKUP($S78,'Horarios y Sistemas'!$C:$C,'Horarios y Sistemas'!M:M,0,0,1) -> 1 | U78: =1-T78 -> 0 | V78: =+T78*R78 -> 18 | W78: =+U78*R78 -> 0 | X78: =+V78*X$5 -> 27 | Y78: =+W78*Y$5 -> 0 | Z78: Neto Periodo Proporcional | AA78: =+IF(AA77<=0,0,IF(AND(AA77>AB77,AB77<=0),IF(AA77+AB77>0,AA77+AB77,0),IF(AND(AA77>0,AB77>0),AA77,0))) -> 28.125 | AB78: =+IF(AB77<=0,0,IF(AND(AB77>AA77,AA77<=0),IF(AB77+AA77>0,AB77+AA77,0),IF(AND(AB77>0,AA77>0),AB77,0))) -> 31.875 | AC78: Horas Extras Finales | AD78: =+AA78/$X$5 -> 18.75 | AE78: =+AB78/$Y$5 -> 21.25
B79: kenneth Eduardo otzin López | C79: =+SUMIFS(AD$23:AD$223,$M$23:$M$223,$B79,$AC$23:$AC$223,$B$20) -> 2.88 | D79: =+SUMIFS(AE$23:AE$223,$M$23:$M$223,$B79,$AC$23:$AC$223,$B$20) -> 30.52 | E79: =+SUM(C79:D79) -> 33.4 | H79: =+I79&J79&K79&M79 -> SEPTIEMBRESem4040EMERSON ALDAIR BIAN CONTRERAS | I79: =+_xlfn.XLOOKUP(K79,DetalleCalculos!W:W,DetalleCalculos!S:S,"",0,1) -> SEPTIEMBRE | J79: =+"Sem"&K79 -> Sem40 | K79: =+$H$19 -> 40 | L79: =+IF(_xlfn.XLOOKUP(K79,DetalleCalculos!W:W,DetalleCalculos!U:U,0,0,1)=7,1,2) -> 1 | M79: {=+INDEX($B$23:$B$89,ROUNDUP((ROW()-22)/3,0))} -> EMERSON ALDAIR BIAN CONTRERAS | N79: =SUMIFS(DetalleCalculos!$N:$N,DetalleCalculos!$W:$W,$K79,DetalleCalculos!$H:$H,$M79)*24 -> 55 | O79: =SUMIFS(DetalleCalculos!$P:$P,DetalleCalculos!$W:$W,$K79,DetalleCalculos!$H:$H,$M79) -> 36 | P79: =SUMIFS(DetalleCalculos!$Q:$Q,DetalleCalculos!$W:$W,$K79,DetalleCalculos!$H:$H,$M79) -> 0 | Q79: =+IF(L79=1,O79,P79) -> 36 | R79: =+IF(N79-Q79<=0,0,N79-Q79) -> 19 | S79: =_xlfn.XLOOKUP($J79&$K79&$M79,DetalleCalculos!$B:$B,DetalleCalculos!$O:$O,"",0,1) -> 0-5-2 | T79: =+_xlfn.XLOOKUP($S79,'Horarios y Sistemas'!$C:$C,'Horarios y Sistemas'!M:M,0,0,1) -> 0 | U79: =1-T79 -> 1 | V79: =+T79*R79 -> 0 | W79: =+U79*R79 -> 19 | X79: =+V79*X$5 -> 0 | Y79: =+W79*Y$5 -> 28.5
B80: CRISTIAN ARODY ORDOÑEZ REYES | C80: =+SUMIFS(AD$23:AD$223,$M$23:$M$223,$B80,$AC$23:$AC$223,$B$20) -> 22 | D80: =+SUMIFS(AE$23:AE$223,$M$23:$M$223,$B80,$AC$23:$AC$223,$B$20) -> 19 | E80: =+SUM(C80:D80) -> 41 | H80: =+I80&J80&K80&M80 -> SEPTIEMBRESem3838ERVIN ROLANDO CHINCHILLA ZAMORA | I80: =+_xlfn.XLOOKUP(K80,DetalleCalculos!W:W,DetalleCalculos!S:S,"",0,1) -> SEPTIEMBRE | J80: =+"Sem"&K80 -> Sem38 | K80: =+$H$17 -> 38 | L80: =+IF(_xlfn.XLOOKUP(K80,DetalleCalculos!W:W,DetalleCalculos!U:U,0,0,1)=7,1,2) -> 1 | M80: {=+INDEX($B$23:$B$89,ROUNDUP((ROW()-22)/3,0))} -> ERVIN ROLANDO CHINCHILLA ZAMORA | N80: =SUMIFS(DetalleCalculos!$N:$N,DetalleCalculos!$W:$W,$K80,DetalleCalculos!$H:$H,$M80)*24 -> 48 | O80: =SUMIFS(DetalleCalculos!$P:$P,DetalleCalculos!$W:$W,$K80,DetalleCalculos!$H:$H,$M80) -> 44 | P80: =SUMIFS(DetalleCalculos!$Q:$Q,DetalleCalculos!$W:$W,$K80,DetalleCalculos!$H:$H,$M80) -> 0 | Q80: =+IF(L80=1,O80,P80) -> 44 | R80: =+IF(N80-Q80<=0,0,N80-Q80) -> 4 | S80: =_xlfn.XLOOKUP($J80&$K80&$M80,DetalleCalculos!$B:$B,DetalleCalculos!$O:$O,"",0,1) -> 5-0-2 | T80: =+_xlfn.XLOOKUP($S80,'Horarios y Sistemas'!$C:$C,'Horarios y Sistemas'!M:M,0,0,1) -> 1 | U80: =1-T80 -> 0 | V80: =+T80*R80 -> 4 | W80: =+U80*R80 -> 0 | X80: =+V80*X$5 -> 6 | Y80: =+W80*Y$5 -> 0 | Z80: Neto Periodo | AA80: =+SUM(X80:X82) -> 33 | AB80: =+SUM(Y80:Y82) -> 28.5
B81: DUVITSA ASUCELI ALBIZURES VALENZUELA | C81: =+SUMIFS(AD$23:AD$223,$M$23:$M$223,$B81,$AC$23:$AC$223,$B$20) -> 21 | D81: =+SUMIFS(AE$23:AE$223,$M$23:$M$223,$B81,$AC$23:$AC$223,$B$20) -> 0 | E81: =+SUM(C81:D81) -> 21 | H81: =+I81&J81&K81&M81 -> SEPTIEMBRESem3939ERVIN ROLANDO CHINCHILLA ZAMORA | I81: =+_xlfn.XLOOKUP(K81,DetalleCalculos!W:W,DetalleCalculos!S:S,"",0,1) -> SEPTIEMBRE | J81: =+"Sem"&K81 -> Sem39 | K81: =+$H$18 -> 39 | L81: =+IF(_xlfn.XLOOKUP(K81,DetalleCalculos!W:W,DetalleCalculos!U:U,0,0,1)=7,1,2) -> 1 | M81: {=+INDEX($B$23:$B$89,ROUNDUP((ROW()-22)/3,0))} -> ERVIN ROLANDO CHINCHILLA ZAMORA | N81: =SUMIFS(DetalleCalculos!$N:$N,DetalleCalculos!$W:$W,$K81,DetalleCalculos!$H:$H,$M81)*24 -> 55 | O81: =SUMIFS(DetalleCalculos!$P:$P,DetalleCalculos!$W:$W,$K81,DetalleCalculos!$H:$H,$M81) -> 36 | P81: =SUMIFS(DetalleCalculos!$Q:$Q,DetalleCalculos!$W:$W,$K81,DetalleCalculos!$H:$H,$M81) -> 0 | Q81: =+IF(L81=1,O81,P81) -> 36 | R81: =+IF(N81-Q81<=0,0,N81-Q81) -> 19 | S81: =_xlfn.XLOOKUP($J81&$K81&$M81,DetalleCalculos!$B:$B,DetalleCalculos!$O:$O,"",0,1) -> 0-5-2 | T81: =+_xlfn.XLOOKUP($S81,'Horarios y Sistemas'!$C:$C,'Horarios y Sistemas'!M:M,0,0,1) -> 0 | U81: =1-T81 -> 1 | V81: =+T81*R81 -> 0 | W81: =+U81*R81 -> 19 | X81: =+V81*X$5 -> 0 | Y81: =+W81*Y$5 -> 28.5 | Z81: Neto Periodo Proporcional | AA81: =+IF(AA80<=0,0,IF(AND(AA80>AB80,AB80<=0),IF(AA80+AB80>0,AA80+AB80,0),IF(AND(AA80>0,AB80>0),AA80,0))) -> 33 | AB81: =+IF(AB80<=0,0,IF(AND(AB80>AA80,AA80<=0),IF(AB80+AA80>0,AB80+AA80,0),IF(AND(AB80>0,AA80>0),AB80,0))) -> 28.5 | AC81: Horas Extras Finales | AD81: =+AA81/$X$5 -> 22 | AE81: =+AB81/$Y$5 -> 19
B82: ELKYN GEOCANNY BRAN NAVARRO | C82: =+SUMIFS(AD$23:AD$223,$M$23:$M$223,$B82,$AC$23:$AC$223,$B$20) -> 18.75 | D82: =+SUMIFS(AE$23:AE$223,$M$23:$M$223,$B82,$AC$23:$AC$223,$B$20) -> 21.25 | E82: =+SUM(C82:D82) -> 40 | H82: =+I82&J82&K82&M82 -> SEPTIEMBRESem4040ERVIN ROLANDO CHINCHILLA ZAMORA | I82: =+_xlfn.XLOOKUP(K82,DetalleCalculos!W:W,DetalleCalculos!S:S,"",0,1) -> SEPTIEMBRE | J82: =+"Sem"&K82 -> Sem40 | K82: =+$H$19 -> 40 | L82: =+IF(_xlfn.XLOOKUP(K82,DetalleCalculos!W:W,DetalleCalculos!U:U,0,0,1)=7,1,2) -> 1 | M82: {=+INDEX($B$23:$B$89,ROUNDUP((ROW()-22)/3,0))} -> ERVIN ROLANDO CHINCHILLA ZAMORA | N82: =SUMIFS(DetalleCalculos!$N:$N,DetalleCalculos!$W:$W,$K82,DetalleCalculos!$H:$H,$M82)*24 -> 62 | O82: =SUMIFS(DetalleCalculos!$P:$P,DetalleCalculos!$W:$W,$K82,DetalleCalculos!$H:$H,$M82) -> 44 | P82: =SUMIFS(DetalleCalculos!$Q:$Q,DetalleCalculos!$W:$W,$K82,DetalleCalculos!$H:$H,$M82) -> 0 | Q82: =+IF(L82=1,O82,P82) -> 44 | R82: =+IF(N82-Q82<=0,0,N82-Q82) -> 18 | S82: =_xlfn.XLOOKUP($J82&$K82&$M82,DetalleCalculos!$B:$B,DetalleCalculos!$O:$O,"",0,1) -> 6-0-1 | T82: =+_xlfn.XLOOKUP($S82,'Horarios y Sistemas'!$C:$C,'Horarios y Sistemas'!M:M,0,0,1) -> 1 | U82: =1-T82 -> 0 | V82: =+T82*R82 -> 18 | W82: =+U82*R82 -> 0 | X82: =+V82*X$5 -> 27 | Y82: =+W82*Y$5 -> 0
B83: ELMAR GUSTAVO LOPEZ MAGALLON | C83: =+SUMIFS(AD$23:AD$223,$M$23:$M$223,$B83,$AC$23:$AC$223,$B$20) -> 3.63 | D83: =+SUMIFS(AE$23:AE$223,$M$23:$M$223,$B83,$AC$23:$AC$223,$B$20) -> 59.77 | E83: =+SUM(C83:D83) -> 63.4 | H83: =+I83&J83&K83&M83 -> SEPTIEMBRESem3838ESWIN ESTUARDO ORTEGA LIMA | I83: =+_xlfn.XLOOKUP(K83,DetalleCalculos!W:W,DetalleCalculos!S:S,"",0,1) -> SEPTIEMBRE | J83: =+"Sem"&K83 -> Sem38 | K83: =+$H$17 -> 38 | L83: =+IF(_xlfn.XLOOKUP(K83,DetalleCalculos!W:W,DetalleCalculos!U:U,0,0,1)=7,1,2) -> 1 | M83: {=+INDEX($B$23:$B$89,ROUNDUP((ROW()-22)/3,0))} -> ESWIN ESTUARDO ORTEGA LIMA | N83: =SUMIFS(DetalleCalculos!$N:$N,DetalleCalculos!$W:$W,$K83,DetalleCalculos!$H:$H,$M83)*24 -> 41 | O83: =SUMIFS(DetalleCalculos!$P:$P,DetalleCalculos!$W:$W,$K83,DetalleCalculos!$H:$H,$M83) -> 38 | P83: =SUMIFS(DetalleCalculos!$Q:$Q,DetalleCalculos!$W:$W,$K83,DetalleCalculos!$H:$H,$M83) -> 0 | Q83: =+IF(L83=1,O83,P83) -> 38 | R83: =+IF(N83-Q83<=0,0,N83-Q83) -> 3 | S83: =_xlfn.XLOOKUP($J83&$K83&$M83,DetalleCalculos!$B:$B,DetalleCalculos!$O:$O,"",0,1) -> 1-3-3 | T83: =+_xlfn.XLOOKUP($S83,'Horarios y Sistemas'!$C:$C,'Horarios y Sistemas'!M:M,0,0,1) -> 0.25 | U83: =1-T83 -> 0.75 | V83: =+T83*R83 -> 0.75 | W83: =+U83*R83 -> 2.25 | X83: =+V83*X$5 -> 1.125 | Y83: =+W83*Y$5 -> 3.375 | Z83: Neto Periodo | AA83: =+SUM(X83:X85) -> 55.125 | AB83: =+SUM(Y83:Y85) -> 3.375
B84: ROGER EVENOR ALONZO DIAZ | C84: =+SUMIFS(AD$23:AD$223,$M$23:$M$223,$B84,$AC$23:$AC$223,$B$20) -> 0.83333333 | D84: =+SUMIFS(AE$23:AE$223,$M$23:$M$223,$B84,$AC$23:$AC$223,$B$20) -> 0.16666667 | E84: =+SUM(C84:D84) -> 1 | H84: =+I84&J84&K84&M84 -> SEPTIEMBRESem3939ESWIN ESTUARDO ORTEGA LIMA | I84: =+_xlfn.XLOOKUP(K84,DetalleCalculos!W:W,DetalleCalculos!S:S,"",0,1) -> SEPTIEMBRE | J84: =+"Sem"&K84 -> Sem39 | K84: =+$H$18 -> 39 | L84: =+IF(_xlfn.XLOOKUP(K84,DetalleCalculos!W:W,DetalleCalculos!U:U,0,0,1)=7,1,2) -> 1 | M84: {=+INDEX($B$23:$B$89,ROUNDUP((ROW()-22)/3,0))} -> ESWIN ESTUARDO ORTEGA LIMA | N84: =SUMIFS(DetalleCalculos!$N:$N,DetalleCalculos!$W:$W,$K84,DetalleCalculos!$H:$H,$M84)*24 -> 62 | O84: =SUMIFS(DetalleCalculos!$P:$P,DetalleCalculos!$W:$W,$K84,DetalleCalculos!$H:$H,$M84) -> 44 | P84: =SUMIFS(DetalleCalculos!$Q:$Q,DetalleCalculos!$W:$W,$K84,DetalleCalculos!$H:$H,$M84) -> 0 | Q84: =+IF(L84=1,O84,P84) -> 44 | R84: =+IF(N84-Q84<=0,0,N84-Q84) -> 18 | S84: =_xlfn.XLOOKUP($J84&$K84&$M84,DetalleCalculos!$B:$B,DetalleCalculos!$O:$O,"",0,1) -> 6-0-1 | T84: =+_xlfn.XLOOKUP($S84,'Horarios y Sistemas'!$C:$C,'Horarios y Sistemas'!M:M,0,0,1) -> 1 | U84: =1-T84 -> 0 | V84: =+T84*R84 -> 18 | W84: =+U84*R84 -> 0 | X84: =+V84*X$5 -> 27 | Y84: =+W84*Y$5 -> 0 | Z84: Neto Periodo Proporcional | AA84: =+IF(AA83<=0,0,IF(AND(AA83>AB83,AB83<=0),IF(AA83+AB83>0,AA83+AB83,0),IF(AND(AA83>0,AB83>0),AA83,0))) -> 55.125 | AB84: =+IF(AB83<=0,0,IF(AND(AB83>AA83,AA83<=0),IF(AB83+AA83>0,AB83+AA83,0),IF(AND(AB83>0,AA83>0),AB83,0))) -> 3.375 | AC84: Horas Extras Finales | AD84: =+AA84/$X$5 -> 36.75 | AE84: =+AB84/$Y$5 -> 2.25
B85: SERGIO ENRIQUE RODRIGUEZ DE PAZ | C85: =+SUMIFS(AD$23:AD$223,$M$23:$M$223,$B85,$AC$23:$AC$223,$B$20) -> 22 | D85: =+SUMIFS(AE$23:AE$223,$M$23:$M$223,$B85,$AC$23:$AC$223,$B$20) -> 19 | E85: =+SUM(C85:D85) -> 41 | H85: =+I85&J85&K85&M85 -> SEPTIEMBRESem4040ESWIN ESTUARDO ORTEGA LIMA | I85: =+_xlfn.XLOOKUP(K85,DetalleCalculos!W:W,DetalleCalculos!S:S,"",0,1) -> SEPTIEMBRE | J85: =+"Sem"&K85 -> Sem40 | K85: =+$H$19 -> 40 | L85: =+IF(_xlfn.XLOOKUP(K85,DetalleCalculos!W:W,DetalleCalculos!U:U,0,0,1)=7,1,2) -> 1 | M85: {=+INDEX($B$23:$B$89,ROUNDUP((ROW()-22)/3,0))} -> ESWIN ESTUARDO ORTEGA LIMA | N85: =SUMIFS(DetalleCalculos!$N:$N,DetalleCalculos!$W:$W,$K85,DetalleCalculos!$H:$H,$M85)*24 -> 62 | O85: =SUMIFS(DetalleCalculos!$P:$P,DetalleCalculos!$W:$W,$K85,DetalleCalculos!$H:$H,$M85) -> 44 | P85: =SUMIFS(DetalleCalculos!$Q:$Q,DetalleCalculos!$W:$W,$K85,DetalleCalculos!$H:$H,$M85) -> 0 | Q85: =+IF(L85=1,O85,P85) -> 44 | R85: =+IF(N85-Q85<=0,0,N85-Q85) -> 18 | S85: =_xlfn.XLOOKUP($J85&$K85&$M85,DetalleCalculos!$B:$B,DetalleCalculos!$O:$O,"",0,1) -> 6-0-1 | T85: =+_xlfn.XLOOKUP($S85,'Horarios y Sistemas'!$C:$C,'Horarios y Sistemas'!M:M,0,0,1) -> 1 | U85: =1-T85 -> 0 | V85: =+T85*R85 -> 18 | W85: =+U85*R85 -> 0 | X85: =+V85*X$5 -> 27 | Y85: =+W85*Y$5 -> 0
B86: WINDER ALEXANDER BOLVITO ESTRADA | C86: =+SUMIFS(AD$23:AD$223,$M$23:$M$223,$B86,$AC$23:$AC$223,$B$20) -> 8 | D86: =+SUMIFS(AE$23:AE$223,$M$23:$M$223,$B86,$AC$23:$AC$223,$B$20) -> 0 | E86: =+SUM(C86:D86) -> 8 | H86: =+I86&J86&K86&M86 -> SEPTIEMBRESem3838EVER GESTRUDES BOLVITO ESTRADA | I86: =+_xlfn.XLOOKUP(K86,DetalleCalculos!W:W,DetalleCalculos!S:S,"",0,1) -> SEPTIEMBRE | J86: =+"Sem"&K86 -> Sem38 | K86: =+$H$17 -> 38 | L86: =+IF(_xlfn.XLOOKUP(K86,DetalleCalculos!W:W,DetalleCalculos!U:U,0,0,1)=7,1,2) -> 1 | M86: {=+INDEX($B$23:$B$89,ROUNDUP((ROW()-22)/3,0))} -> EVER GESTRUDES BOLVITO ESTRADA | N86: =SUMIFS(DetalleCalculos!$N:$N,DetalleCalculos!$W:$W,$K86,DetalleCalculos!$H:$H,$M86)*24 -> 41 | O86: =SUMIFS(DetalleCalculos!$P:$P,DetalleCalculos!$W:$W,$K86,DetalleCalculos!$H:$H,$M86) -> 44 | P86: =SUMIFS(DetalleCalculos!$Q:$Q,DetalleCalculos!$W:$W,$K86,DetalleCalculos!$H:$H,$M86) -> 0 | Q86: =+IF(L86=1,O86,P86) -> 44 | R86: =+IF(N86-Q86<=0,0,N86-Q86) -> 0 | S86: =_xlfn.XLOOKUP($J86&$K86&$M86,DetalleCalculos!$B:$B,DetalleCalculos!$O:$O,"",0,1) -> 4-0-3 | T86: =+_xlfn.XLOOKUP($S86,'Horarios y Sistemas'!$C:$C,'Horarios y Sistemas'!M:M,0,0,1) -> 1 | U86: =1-T86 -> 0 | V86: =+T86*R86 -> 0 | W86: =+U86*R86 -> 0 | X86: =+V86*X$5 -> 0 | Y86: =+W86*Y$5 -> 0 | Z86: Neto Periodo | AA86: =+SUM(X86:X88) -> 16.5 | AB86: =+SUM(Y86:Y88) -> 0
B87: LÁZARO CHOCHÉ | C87: =+SUMIFS(AD$23:AD$223,$M$23:$M$223,$B87,$AC$23:$AC$223,$B$20) -> 37.5 | D87: =+SUMIFS(AE$23:AE$223,$M$23:$M$223,$B87,$AC$23:$AC$223,$B$20) -> 0 | E87: =+SUM(C87:D87) -> 37.5 | H87: =+I87&J87&K87&M87 -> SEPTIEMBRESem3939EVER GESTRUDES BOLVITO ESTRADA | I87: =+_xlfn.XLOOKUP(K87,DetalleCalculos!W:W,DetalleCalculos!S:S,"",0,1) -> SEPTIEMBRE | J87: =+"Sem"&K87 -> Sem39 | K87: =+$H$18 -> 39 | L87: =+IF(_xlfn.XLOOKUP(K87,DetalleCalculos!W:W,DetalleCalculos!U:U,0,0,1)=7,1,2) -> 1 | M87: {=+INDEX($B$23:$B$89,ROUNDUP((ROW()-22)/3,0))} -> EVER GESTRUDES BOLVITO ESTRADA | N87: =SUMIFS(DetalleCalculos!$N:$N,DetalleCalculos!$W:$W,$K87,DetalleCalculos!$H:$H,$M87)*24 -> 11 | O87: =SUMIFS(DetalleCalculos!$P:$P,DetalleCalculos!$W:$W,$K87,DetalleCalculos!$H:$H,$M87) -> 44 | P87: =SUMIFS(DetalleCalculos!$Q:$Q,DetalleCalculos!$W:$W,$K87,DetalleCalculos!$H:$H,$M87) -> 0 | Q87: =+IF(L87=1,O87,P87) -> 44 | R87: =+IF(N87-Q87<=0,0,N87-Q87) -> 0 | S87: =_xlfn.XLOOKUP($J87&$K87&$M87,DetalleCalculos!$B:$B,DetalleCalculos!$O:$O,"",0,1) -> 1-0-6 | T87: =+_xlfn.XLOOKUP($S87,'Horarios y Sistemas'!$C:$C,'Horarios y Sistemas'!M:M,0,0,1) -> 1 | U87: =1-T87 -> 0 | V87: =+T87*R87 -> 0 | W87: =+U87*R87 -> 0 | X87: =+V87*X$5 -> 0 | Y87: =+W87*Y$5 -> 0 | Z87: Neto Periodo Proporcional | AA87: =+IF(AA86<=0,0,IF(AND(AA86>AB86,AB86<=0),IF(AA86+AB86>0,AA86+AB86,0),IF(AND(AA86>0,AB86>0),AA86,0))) -> 16.5 | AB87: =+IF(AB86<=0,0,IF(AND(AB86>AA86,AA86<=0),IF(AB86+AA86>0,AB86+AA86,0),IF(AND(AB86>0,AA86>0),AB86,0))) -> 0 | AC87: Horas Extras Finales | AD87: =+AA87/$X$5 -> 11 | AE87: =+AB87/$Y$5 -> 0
B88: MARROQIN HERNANDEZ WILLIAM ERNESTO | C88: =+SUMIFS(AD$23:AD$223,$M$23:$M$223,$B88,$AC$23:$AC$223,$B$20) -> 12 | D88: =+SUMIFS(AE$23:AE$223,$M$23:$M$223,$B88,$AC$23:$AC$223,$B$20) -> 0 | E88: =+SUM(C88:D88) -> 12 | H88: =+I88&J88&K88&M88 -> SEPTIEMBRESem4040EVER GESTRUDES BOLVITO ESTRADA | I88: =+_xlfn.XLOOKUP(K88,DetalleCalculos!W:W,DetalleCalculos!S:S,"",0,1) -> SEPTIEMBRE | J88: =+"Sem"&K88 -> Sem40 | K88: =+$H$19 -> 40 | L88: =+IF(_xlfn.XLOOKUP(K88,DetalleCalculos!W:W,DetalleCalculos!U:U,0,0,1)=7,1,2) -> 1 | M88: {=+INDEX($B$23:$B$89,ROUNDUP((ROW()-22)/3,0))} -> EVER GESTRUDES BOLVITO ESTRADA | N88: =SUMIFS(DetalleCalculos!$N:$N,DetalleCalculos!$W:$W,$K88,DetalleCalculos!$H:$H,$M88)*24 -> 55 | O88: =SUMIFS(DetalleCalculos!$P:$P,DetalleCalculos!$W:$W,$K88,DetalleCalculos!$H:$H,$M88) -> 44 | P88: =SUMIFS(DetalleCalculos!$Q:$Q,DetalleCalculos!$W:$W,$K88,DetalleCalculos!$H:$H,$M88) -> 0 | Q88: =+IF(L88=1,O88,P88) -> 44 | R88: =+IF(N88-Q88<=0,0,N88-Q88) -> 11 | S88: =_xlfn.XLOOKUP($J88&$K88&$M88,DetalleCalculos!$B:$B,DetalleCalculos!$O:$O,"",0,1) -> 5-0-2 | T88: =+_xlfn.XLOOKUP($S88,'Horarios y Sistemas'!$C:$C,'Horarios y Sistemas'!M:M,0,0,1) -> 1 | U88: =1-T88 -> 0 | V88: =+T88*R88 -> 11 | W88: =+U88*R88 -> 0 | X88: =+V88*X$5 -> 16.5 | Y88: =+W88*Y$5 -> 0
B89: SMITH DARIO REYES TINTILLA | C89: =+SUMIFS(AD$23:AD$223,$M$23:$M$223,$B89,$AC$23:$AC$223,$B$20) -> 0 | D89: =+SUMIFS(AE$23:AE$223,$M$23:$M$223,$B89,$AC$23:$AC$223,$B$20) -> 0 | E89: =+SUM(C89:D89) -> 0 | H89: =+I89&J89&K89&M89 -> SEPTIEMBRESem3838Edvin Omar Chavez Cuque | I89: =+_xlfn.XLOOKUP(K89,DetalleCalculos!W:W,DetalleCalculos!S:S,"",0,1) -> SEPTIEMBRE | J89: =+"Sem"&K89 -> Sem38 | K89: =+$H$17 -> 38 | L89: =+IF(_xlfn.XLOOKUP(K89,DetalleCalculos!W:W,DetalleCalculos!U:U,0,0,1)=7,1,2) -> 1 | M89: {=+INDEX($B$23:$B$89,ROUNDUP((ROW()-22)/3,0))} -> Edvin Omar Chavez Cuque | N89: =SUMIFS(DetalleCalculos!$N:$N,DetalleCalculos!$W:$W,$K89,DetalleCalculos!$H:$H,$M89)*24 -> 49 | O89: =SUMIFS(DetalleCalculos!$P:$P,DetalleCalculos!$W:$W,$K89,DetalleCalculos!$H:$H,$M89) -> 44 | P89: =SUMIFS(DetalleCalculos!$Q:$Q,DetalleCalculos!$W:$W,$K89,DetalleCalculos!$H:$H,$M89) -> 0 | Q89: =+IF(L89=1,O89,P89) -> 44 | R89: =+IF(N89-Q89<=0,0,N89-Q89) -> 5 | S89: =_xlfn.XLOOKUP($J89&$K89&$M89,DetalleCalculos!$B:$B,DetalleCalculos!$O:$O,"",0,1) -> 5-0-2 | T89: =+_xlfn.XLOOKUP($S89,'Horarios y Sistemas'!$C:$C,'Horarios y Sistemas'!M:M,0,0,1) -> 1 | U89: =1-T89 -> 0 | V89: =+T89*R89 -> 5 | W89: =+U89*R89 -> 0 | X89: =+V89*X$5 -> 7.5 | Y89: =+W89*Y$5 -> 0 | Z89: Neto Periodo | AA89: =+SUM(X89:X91) -> 39 | AB89: =+SUM(Y89:Y91) -> 0
H90: =+I90&J90&K90&M90 -> SEPTIEMBRESem3939Edvin Omar Chavez Cuque | I90: =+_xlfn.XLOOKUP(K90,DetalleCalculos!W:W,DetalleCalculos!S:S,"",0,1) -> SEPTIEMBRE | J90: =+"Sem"&K90 -> Sem39 | K90: =+$H$18 -> 39 | L90: =+IF(_xlfn.XLOOKUP(K90,DetalleCalculos!W:W,DetalleCalculos!U:U,0,0,1)=7,1,2) -> 1 | M90: {=+INDEX($B$23:$B$89,ROUNDUP((ROW()-22)/3,0))} -> Edvin Omar Chavez Cuque | N90: =SUMIFS(DetalleCalculos!$N:$N,DetalleCalculos!$W:$W,$K90,DetalleCalculos!$H:$H,$M90)*24 -> 33 | O90: =SUMIFS(DetalleCalculos!$P:$P,DetalleCalculos!$W:$W,$K90,DetalleCalculos!$H:$H,$M90) -> 36 | P90: =SUMIFS(DetalleCalculos!$Q:$Q,DetalleCalculos!$W:$W,$K90,DetalleCalculos!$H:$H,$M90) -> 0 | Q90: =+IF(L90=1,O90,P90) -> 36 | R90: =+IF(N90-Q90<=0,0,N90-Q90) -> 0 | S90: =_xlfn.XLOOKUP($J90&$K90&$M90,DetalleCalculos!$B:$B,DetalleCalculos!$O:$O,"",0,1) -> 0-3-4 | T90: =+_xlfn.XLOOKUP($S90,'Horarios y Sistemas'!$C:$C,'Horarios y Sistemas'!M:M,0,0,1) -> 0 | U90: =1-T90 -> 1 | V90: =+T90*R90 -> 0 | W90: =+U90*R90 -> 0 | X90: =+V90*X$5 -> 0 | Y90: =+W90*Y$5 -> 0 | Z90: Neto Periodo Proporcional | AA90: =+IF(AA89<=0,0,IF(AND(AA89>AB89,AB89<=0),IF(AA89+AB89>0,AA89+AB89,0),IF(AND(AA89>0,AB89>0),AA89,0))) -> 39 | AB90: =+IF(AB89<=0,0,IF(AND(AB89>AA89,AA89<=0),IF(AB89+AA89>0,AB89+AA89,0),IF(AND(AB89>0,AA89>0),AB89,0))) -> 0 | AC90: Horas Extras Finales | AD90: =+AA90/$X$5 -> 26 | AE90: =+AB90/$Y$5 -> 0
H91: =+I91&J91&K91&M91 -> SEPTIEMBRESem4040Edvin Omar Chavez Cuque | I91: =+_xlfn.XLOOKUP(K91,DetalleCalculos!W:W,DetalleCalculos!S:S,"",0,1) -> SEPTIEMBRE | J91: =+"Sem"&K91 -> Sem40 | K91: =+$H$19 -> 40 | L91: =+IF(_xlfn.XLOOKUP(K91,DetalleCalculos!W:W,DetalleCalculos!U:U,0,0,1)=7,1,2) -> 1 | M91: {=+INDEX($B$23:$B$89,ROUNDUP((ROW()-22)/3,0))} -> Edvin Omar Chavez Cuque | N91: =SUMIFS(DetalleCalculos!$N:$N,DetalleCalculos!$W:$W,$K91,DetalleCalculos!$H:$H,$M91)*24 -> 65 | O91: =SUMIFS(DetalleCalculos!$P:$P,DetalleCalculos!$W:$W,$K91,DetalleCalculos!$H:$H,$M91) -> 44 | P91: =SUMIFS(DetalleCalculos!$Q:$Q,DetalleCalculos!$W:$W,$K91,DetalleCalculos!$H:$H,$M91) -> 0 | Q91: =+IF(L91=1,O91,P91) -> 44 | R91: =+IF(N91-Q91<=0,0,N91-Q91) -> 21 | S91: =_xlfn.XLOOKUP($J91&$K91&$M91,DetalleCalculos!$B:$B,DetalleCalculos!$O:$O,"",0,1) -> 6-0-1 | T91: =+_xlfn.XLOOKUP($S91,'Horarios y Sistemas'!$C:$C,'Horarios y Sistemas'!M:M,0,0,1) -> 1 | U91: =1-T91 -> 0 | V91: =+T91*R91 -> 21 | W91: =+U91*R91 -> 0 | X91: =+V91*X$5 -> 31.5 | Y91: =+W91*Y$5 -> 0
H92: =+I92&J92&K92&M92 -> SEPTIEMBRESem3838FILIBERTO SACUL CUCUL | I92: =+_xlfn.XLOOKUP(K92,DetalleCalculos!W:W,DetalleCalculos!S:S,"",0,1) -> SEPTIEMBRE | J92: =+"Sem"&K92 -> Sem38 | K92: =+$H$17 -> 38 | L92: =+IF(_xlfn.XLOOKUP(K92,DetalleCalculos!W:W,DetalleCalculos!U:U,0,0,1)=7,1,2) -> 1 | M92: {=+INDEX($B$23:$B$89,ROUNDUP((ROW()-22)/3,0))} -> FILIBERTO SACUL CUCUL | N92: =SUMIFS(DetalleCalculos!$N:$N,DetalleCalculos!$W:$W,$K92,DetalleCalculos!$H:$H,$M92)*24 -> 8 | O92: =SUMIFS(DetalleCalculos!$P:$P,DetalleCalculos!$W:$W,$K92,DetalleCalculos!$H:$H,$M92) -> 44 | P92: =SUMIFS(DetalleCalculos!$Q:$Q,DetalleCalculos!$W:$W,$K92,DetalleCalculos!$H:$H,$M92) -> 0 | Q92: =+IF(L92=1,O92,P92) -> 44 | R92: =+IF(N92-Q92<=0,0,N92-Q92) -> 0 | S92: =_xlfn.XLOOKUP($J92&$K92&$M92,DetalleCalculos!$B:$B,DetalleCalculos!$O:$O,"",0,1) -> 1-0-6 | T92: =+_xlfn.XLOOKUP($S92,'Horarios y Sistemas'!$C:$C,'Horarios y Sistemas'!M:M,0,0,1) -> 1 | U92: =1-T92 -> 0 | V92: =+T92*R92 -> 0 | W92: =+U92*R92 -> 0 | X92: =+V92*X$5 -> 0 | Y92: =+W92*Y$5 -> 0 | Z92: Neto Periodo | AA92: =+SUM(X92:X94) -> 0 | AB92: =+SUM(Y92:Y94) -> 0
H93: =+I93&J93&K93&M93 -> SEPTIEMBRESem3939FILIBERTO SACUL CUCUL | I93: =+_xlfn.XLOOKUP(K93,DetalleCalculos!W:W,DetalleCalculos!S:S,"",0,1) -> SEPTIEMBRE | J93: =+"Sem"&K93 -> Sem39 | K93: =+$H$18 -> 39 | L93: =+IF(_xlfn.XLOOKUP(K93,DetalleCalculos!W:W,DetalleCalculos!U:U,0,0,1)=7,1,2) -> 1 | M93: {=+INDEX($B$23:$B$89,ROUNDUP((ROW()-22)/3,0))} -> FILIBERTO SACUL CUCUL | N93: =SUMIFS(DetalleCalculos!$N:$N,DetalleCalculos!$W:$W,$K93,DetalleCalculos!$H:$H,$M93)*24 -> 0 | O93: =SUMIFS(DetalleCalculos!$P:$P,DetalleCalculos!$W:$W,$K93,DetalleCalculos!$H:$H,$M93) -> 0 | P93: =SUMIFS(DetalleCalculos!$Q:$Q,DetalleCalculos!$W:$W,$K93,DetalleCalculos!$H:$H,$M93) -> 0 | Q93: =+IF(L93=1,O93,P93) -> 0 | R93: =+IF(N93-Q93<=0,0,N93-Q93) -> 0 | S93: =_xlfn.XLOOKUP($J93&$K93&$M93,DetalleCalculos!$B:$B,DetalleCalculos!$O:$O,"",0,1) -> 0-0-7 | T93: =+_xlfn.XLOOKUP($S93,'Horarios y Sistemas'!$C:$C,'Horarios y Sistemas'!M:M,0,0,1) -> 0 | U93: =1-T93 -> 1 | V93: =+T93*R93 -> 0 | W93: =+U93*R93 -> 0 | X93: =+V93*X$5 -> 0 | Y93: =+W93*Y$5 -> 0 | Z93: Neto Periodo Proporcional | AA93: =+IF(AA92<=0,0,IF(AND(AA92>AB92,AB92<=0),IF(AA92+AB92>0,AA92+AB92,0),IF(AND(AA92>0,AB92>0),AA92,0))) -> 0 | AB93: =+IF(AB92<=0,0,IF(AND(AB92>AA92,AA92<=0),IF(AB92+AA92>0,AB92+AA92,0),IF(AND(AB92>0,AA92>0),AB92,0))) -> 0 | AC93: Horas Extras Finales | AD93: =+AA93/$X$5 -> 0 | AE93: =+AB93/$Y$5 -> 0
H94: =+I94&J94&K94&M94 -> SEPTIEMBRESem4040FILIBERTO SACUL CUCUL | I94: =+_xlfn.XLOOKUP(K94,DetalleCalculos!W:W,DetalleCalculos!S:S,"",0,1) -> SEPTIEMBRE | J94: =+"Sem"&K94 -> Sem40 | K94: =+$H$19 -> 40 | L94: =+IF(_xlfn.XLOOKUP(K94,DetalleCalculos!W:W,DetalleCalculos!U:U,0,0,1)=7,1,2) -> 1 | M94: {=+INDEX($B$23:$B$89,ROUNDUP((ROW()-22)/3,0))} -> FILIBERTO SACUL CUCUL | N94: =SUMIFS(DetalleCalculos!$N:$N,DetalleCalculos!$W:$W,$K94,DetalleCalculos!$H:$H,$M94)*24 -> 0 | O94: =SUMIFS(DetalleCalculos!$P:$P,DetalleCalculos!$W:$W,$K94,DetalleCalculos!$H:$H,$M94) -> 0 | P94: =SUMIFS(DetalleCalculos!$Q:$Q,DetalleCalculos!$W:$W,$K94,DetalleCalculos!$H:$H,$M94) -> 0 | Q94: =+IF(L94=1,O94,P94) -> 0 | R94: =+IF(N94-Q94<=0,0,N94-Q94) -> 0 | S94: =_xlfn.XLOOKUP($J94&$K94&$M94,DetalleCalculos!$B:$B,DetalleCalculos!$O:$O,"",0,1) -> 0-0-7 | T94: =+_xlfn.XLOOKUP($S94,'Horarios y Sistemas'!$C:$C,'Horarios y Sistemas'!M:M,0,0,1) -> 0 | U94: =1-T94 -> 1 | V94: =+T94*R94 -> 0 | W94: =+U94*R94 -> 0 | X94: =+V94*X$5 -> 0 | Y94: =+W94*Y$5 -> 0
H95: =+I95&J95&K95&M95 -> SEPTIEMBRESem3838GARCIA REYES CARLOS ANTONIO | I95: =+_xlfn.XLOOKUP(K95,DetalleCalculos!W:W,DetalleCalculos!S:S,"",0,1) -> SEPTIEMBRE | J95: =+"Sem"&K95 -> Sem38 | K95: =+$H$17 -> 38 | L95: =+IF(_xlfn.XLOOKUP(K95,DetalleCalculos!W:W,DetalleCalculos!U:U,0,0,1)=7,1,2) -> 1 | M95: {=+INDEX($B$23:$B$89,ROUNDUP((ROW()-22)/3,0))} -> GARCIA REYES CARLOS ANTONIO | N95: =SUMIFS(DetalleCalculos!$N:$N,DetalleCalculos!$W:$W,$K95,DetalleCalculos!$H:$H,$M95)*24 -> 0 | O95: =SUMIFS(DetalleCalculos!$P:$P,DetalleCalculos!$W:$W,$K95,DetalleCalculos!$H:$H,$M95) -> 0 | P95: =SUMIFS(DetalleCalculos!$Q:$Q,DetalleCalculos!$W:$W,$K95,DetalleCalculos!$H:$H,$M95) -> 0 | Q95: =+IF(L95=1,O95,P95) -> 0 | R95: =+IF(N95-Q95<=0,0,N95-Q95) -> 0 | S95: =_xlfn.XLOOKUP($J95&$K95&$M95,DetalleCalculos!$B:$B,DetalleCalculos!$O:$O,"",0,1) | T95: =+_xlfn.XLOOKUP($S95,'Horarios y Sistemas'!$C:$C,'Horarios y Sistemas'!M:M,0,0,1) -> 0 | U95: =1-T95 -> 1 | V95: =+T95*R95 -> 0 | W95: =+U95*R95 -> 0 | X95: =+V95*X$5 -> 0 | Y95: =+W95*Y$5 -> 0 | Z95: Neto Periodo | AA95: =+SUM(X95:X97) -> 0 | AB95: =+SUM(Y95:Y97) -> 0
H96: =+I96&J96&K96&M96 -> SEPTIEMBRESem3939GARCIA REYES CARLOS ANTONIO | I96: =+_xlfn.XLOOKUP(K96,DetalleCalculos!W:W,DetalleCalculos!S:S,"",0,1) -> SEPTIEMBRE | J96: =+"Sem"&K96 -> Sem39 | K96: =+$H$18 -> 39 | L96: =+IF(_xlfn.XLOOKUP(K96,DetalleCalculos!W:W,DetalleCalculos!U:U,0,0,1)=7,1,2) -> 1 | M96: {=+INDEX($B$23:$B$89,ROUNDUP((ROW()-22)/3,0))} -> GARCIA REYES CARLOS ANTONIO | N96: =SUMIFS(DetalleCalculos!$N:$N,DetalleCalculos!$W:$W,$K96,DetalleCalculos!$H:$H,$M96)*24 -> 0 | O96: =SUMIFS(DetalleCalculos!$P:$P,DetalleCalculos!$W:$W,$K96,DetalleCalculos!$H:$H,$M96) -> 0 | P96: =SUMIFS(DetalleCalculos!$Q:$Q,DetalleCalculos!$W:$W,$K96,DetalleCalculos!$H:$H,$M96) -> 0 | Q96: =+IF(L96=1,O96,P96) -> 0 | R96: =+IF(N96-Q96<=0,0,N96-Q96) -> 0 | S96: =_xlfn.XLOOKUP($J96&$K96&$M96,DetalleCalculos!$B:$B,DetalleCalculos!$O:$O,"",0,1) | T96: =+_xlfn.XLOOKUP($S96,'Horarios y Sistemas'!$C:$C,'Horarios y Sistemas'!M:M,0,0,1) -> 0 | U96: =1-T96 -> 1 | V96: =+T96*R96 -> 0 | W96: =+U96*R96 -> 0 | X96: =+V96*X$5 -> 0 | Y96: =+W96*Y$5 -> 0 | Z96: Neto Periodo Proporcional | AA96: =+IF(AA95<=0,0,IF(AND(AA95>AB95,AB95<=0),IF(AA95+AB95>0,AA95+AB95,0),IF(AND(AA95>0,AB95>0),AA95,0))) -> 0 | AB96: =+IF(AB95<=0,0,IF(AND(AB95>AA95,AA95<=0),IF(AB95+AA95>0,AB95+AA95,0),IF(AND(AB95>0,AA95>0),AB95,0))) -> 0 | AC96: Horas Extras Finales | AD96: =+AA96/$X$5 -> 0 | AE96: =+AB96/$Y$5 -> 0
H97: =+I97&J97&K97&M97 -> SEPTIEMBRESem4040GARCIA REYES CARLOS ANTONIO | I97: =+_xlfn.XLOOKUP(K97,DetalleCalculos!W:W,DetalleCalculos!S:S,"",0,1) -> SEPTIEMBRE | J97: =+"Sem"&K97 -> Sem40 | K97: =+$H$19 -> 40 | L97: =+IF(_xlfn.XLOOKUP(K97,DetalleCalculos!W:W,DetalleCalculos!U:U,0,0,1)=7,1,2) -> 1 | M97: {=+INDEX($B$23:$B$89,ROUNDUP((ROW()-22)/3,0))} -> GARCIA REYES CARLOS ANTONIO | N97: =SUMIFS(DetalleCalculos!$N:$N,DetalleCalculos!$W:$W,$K97,DetalleCalculos!$H:$H,$M97)*24 -> 0 | O97: =SUMIFS(DetalleCalculos!$P:$P,DetalleCalculos!$W:$W,$K97,DetalleCalculos!$H:$H,$M97) -> 0 | P97: =SUMIFS(DetalleCalculos!$Q:$Q,DetalleCalculos!$W:$W,$K97,DetalleCalculos!$H:$H,$M97) -> 0 | Q97: =+IF(L97=1,O97,P97) -> 0 | R97: =+IF(N97-Q97<=0,0,N97-Q97) -> 0 | S97: =_xlfn.XLOOKUP($J97&$K97&$M97,DetalleCalculos!$B:$B,DetalleCalculos!$O:$O,"",0,1) | T97: =+_xlfn.XLOOKUP($S97,'Horarios y Sistemas'!$C:$C,'Horarios y Sistemas'!M:M,0,0,1) -> 0 | U97: =1-T97 -> 1 | V97: =+T97*R97 -> 0 | W97: =+U97*R97 -> 0 | X97: =+V97*X$5 -> 0 | Y97: =+W97*Y$5 -> 0
H98: =+I98&J98&K98&M98 -> SEPTIEMBRESem3838GUZMÁN MORALES EDGAR RICARDO | I98: =+_xlfn.XLOOKUP(K98,DetalleCalculos!W:W,DetalleCalculos!S:S,"",0,1) -> SEPTIEMBRE | J98: =+"Sem"&K98 -> Sem38 | K98: =+$H$17 -> 38 | L98: =+IF(_xlfn.XLOOKUP(K98,DetalleCalculos!W:W,DetalleCalculos!U:U,0,0,1)=7,1,2) -> 1 | M98: {=+INDEX($B$23:$B$89,ROUNDUP((ROW()-22)/3,0))} -> GUZMÁN MORALES EDGAR RICARDO | N98: =SUMIFS(DetalleCalculos!$N:$N,DetalleCalculos!$W:$W,$K98,DetalleCalculos!$H:$H,$M98)*24 -> 49 | O98: =SUMIFS(DetalleCalculos!$P:$P,DetalleCalculos!$W:$W,$K98,DetalleCalculos!$H:$H,$M98) -> 44 | P98: =SUMIFS(DetalleCalculos!$Q:$Q,DetalleCalculos!$W:$W,$K98,DetalleCalculos!$H:$H,$M98) -> 0 | Q98: =+IF(L98=1,O98,P98) -> 44 | R98: =+IF(N98-Q98<=0,0,N98-Q98) -> 5 | S98: =_xlfn.XLOOKUP($J98&$K98&$M98,DetalleCalculos!$B:$B,DetalleCalculos!$O:$O,"",0,1) -> 5-0-2 | T98: =+_xlfn.XLOOKUP($S98,'Horarios y Sistemas'!$C:$C,'Horarios y Sistemas'!M:M,0,0,1) -> 1 | U98: =1-T98 -> 0 | V98: =+T98*R98 -> 5 | W98: =+U98*R98 -> 0 | X98: =+V98*X$5 -> 7.5 | Y98: =+W98*Y$5 -> 0 | Z98: Neto Periodo | AA98: =+SUM(X98:X100) -> 36.75 | AB98: =+SUM(Y98:Y100) -> 30.375
H99: =+I99&J99&K99&M99 -> SEPTIEMBRESem3939GUZMÁN MORALES EDGAR RICARDO | I99: =+_xlfn.XLOOKUP(K99,DetalleCalculos!W:W,DetalleCalculos!S:S,"",0,1) -> SEPTIEMBRE | J99: =+"Sem"&K99 -> Sem39 | K99: =+$H$18 -> 39 | L99: =+IF(_xlfn.XLOOKUP(K99,DetalleCalculos!W:W,DetalleCalculos!U:U,0,0,1)=7,1,2) -> 1 | M99: {=+INDEX($B$23:$B$89,ROUNDUP((ROW()-22)/3,0))} -> GUZMÁN MORALES EDGAR RICARDO | N99: =SUMIFS(DetalleCalculos!$N:$N,DetalleCalculos!$W:$W,$K99,DetalleCalculos!$H:$H,$M99)*24 -> 56.25 | O99: =SUMIFS(DetalleCalculos!$P:$P,DetalleCalculos!$W:$W,$K99,DetalleCalculos!$H:$H,$M99) -> 36 | P99: =SUMIFS(DetalleCalculos!$Q:$Q,DetalleCalculos!$W:$W,$K99,DetalleCalculos!$H:$H,$M99) -> 0 | Q99: =+IF(L99=1,O99,P99) -> 36 | R99: =+IF(N99-Q99<=0,0,N99-Q99) -> 20.25 | S99: =_xlfn.XLOOKUP($J99&$K99&$M99,DetalleCalculos!$B:$B,DetalleCalculos!$O:$O,"",0,1) -> 0-5-2 | T99: =+_xlfn.XLOOKUP($S99,'Horarios y Sistemas'!$C:$C,'Horarios y Sistemas'!M:M,0,0,1) -> 0 | U99: =1-T99 -> 1 | V99: =+T99*R99 -> 0 | W99: =+U99*R99 -> 20.25 | X99: =+V99*X$5 -> 0 | Y99: =+W99*Y$5 -> 30.375 | Z99: Neto Periodo Proporcional | AA99: =+IF(AA98<=0,0,IF(AND(AA98>AB98,AB98<=0),IF(AA98+AB98>0,AA98+AB98,0),IF(AND(AA98>0,AB98>0),AA98,0))) -> 36.75 | AB99: =+IF(AB98<=0,0,IF(AND(AB98>AA98,AA98<=0),IF(AB98+AA98>0,AB98+AA98,0),IF(AND(AB98>0,AA98>0),AB98,0))) -> 30.375 | AC99: Horas Extras Finales | AD99: =+AA99/$X$5 -> 24.5 | AE99: =+AB99/$Y$5 -> 20.25
H100: =+I100&J100&K100&M100 -> SEPTIEMBRESem4040GUZMÁN MORALES EDGAR RICARDO | I100: =+_xlfn.XLOOKUP(K100,DetalleCalculos!W:W,DetalleCalculos!S:S,"",0,1) -> SEPTIEMBRE | J100: =+"Sem"&K100 -> Sem40 | K100: =+$H$19 -> 40 | L100: =+IF(_xlfn.XLOOKUP(K100,DetalleCalculos!W:W,DetalleCalculos!U:U,0,0,1)=7,1,2) -> 1 | M100: {=+INDEX($B$23:$B$89,ROUNDUP((ROW()-22)/3,0))} -> GUZMÁN MORALES EDGAR RICARDO | N100: =SUMIFS(DetalleCalculos!$N:$N,DetalleCalculos!$W:$W,$K100,DetalleCalculos!$H:$H,$M100)*24 -> 63.5 | O100: =SUMIFS(DetalleCalculos!$P:$P,DetalleCalculos!$W:$W,$K100,DetalleCalculos!$H:$H,$M100) -> 44 | P100: =SUMIFS(DetalleCalculos!$Q:$Q,DetalleCalculos!$W:$W,$K100,DetalleCalculos!$H:$H,$M100) -> 0 | Q100: =+IF(L100=1,O100,P100) -> 44 | R100: =+IF(N100-Q100<=0,0,N100-Q100) -> 19.5 | S100: =_xlfn.XLOOKUP($J100&$K100&$M100,DetalleCalculos!$B:$B,DetalleCalculos!$O:$O,"",0,1) -> 6-0-1 | T100: =+_xlfn.XLOOKUP($S100,'Horarios y Sistemas'!$C:$C,'Horarios y Sistemas'!M:M,0,0,1) -> 1 | U100: =1-T100 -> 0 | V100: =+T100*R100 -> 19.5 | W100: =+U100*R100 -> 0 | X100: =+V100*X$5 -> 29.25 | Y100: =+W100*Y$5 -> 0
H101: =+I101&J101&K101&M101 -> SEPTIEMBRESem3838HECTOR RENE ALVIZUREZ MEJIA | I101: =+_xlfn.XLOOKUP(K101,DetalleCalculos!W:W,DetalleCalculos!S:S,"",0,1) -> SEPTIEMBRE | J101: =+"Sem"&K101 -> Sem38 | K101: =+$H$17 -> 38 | L101: =+IF(_xlfn.XLOOKUP(K101,DetalleCalculos!W:W,DetalleCalculos!U:U,0,0,1)=7,1,2) -> 1 | M101: {=+INDEX($B$23:$B$89,ROUNDUP((ROW()-22)/3,0))} -> HECTOR RENE ALVIZUREZ MEJIA | N101: =SUMIFS(DetalleCalculos!$N:$N,DetalleCalculos!$W:$W,$K101,DetalleCalculos!$H:$H,$M101)*24 -> 30 | O101: =SUMIFS(DetalleCalculos!$P:$P,DetalleCalculos!$W:$W,$K101,DetalleCalculos!$H:$H,$M101) -> 40 | P101: =SUMIFS(DetalleCalculos!$Q:$Q,DetalleCalculos!$W:$W,$K101,DetalleCalculos!$H:$H,$M101) -> 0 | Q101: =+IF(L101=1,O101,P101) -> 40 | R101: =+IF(N101-Q101<=0,0,N101-Q101) -> 0 | S101: =_xlfn.XLOOKUP($J101&$K101&$M101,DetalleCalculos!$B:$B,DetalleCalculos!$O:$O,"",0,1) -> 2-2-3 | T101: =+_xlfn.XLOOKUP($S101,'Horarios y Sistemas'!$C:$C,'Horarios y Sistemas'!M:M,0,0,1) -> 0.5 | U101: =1-T101 -> 0.5 | V101: =+T101*R101 -> 0 | W101: =+U101*R101 -> 0 | X101: =+V101*X$5 -> 0 | Y101: =+W101*Y$5 -> 0 | Z101: Neto Periodo | AA101: =+SUM(X101:X103) -> 1.5 | AB101: =+SUM(Y101:Y103) -> 0
H102: =+I102&J102&K102&M102 -> SEPTIEMBRESem3939HECTOR RENE ALVIZUREZ MEJIA | I102: =+_xlfn.XLOOKUP(K102,DetalleCalculos!W:W,DetalleCalculos!S:S,"",0,1) -> SEPTIEMBRE | J102: =+"Sem"&K102 -> Sem39 | K102: =+$H$18 -> 39 | L102: =+IF(_xlfn.XLOOKUP(K102,DetalleCalculos!W:W,DetalleCalculos!U:U,0,0,1)=7,1,2) -> 1 | M102: {=+INDEX($B$23:$B$89,ROUNDUP((ROW()-22)/3,0))} -> HECTOR RENE ALVIZUREZ MEJIA | N102: =SUMIFS(DetalleCalculos!$N:$N,DetalleCalculos!$W:$W,$K102,DetalleCalculos!$H:$H,$M102)*24 -> 44 | O102: =SUMIFS(DetalleCalculos!$P:$P,DetalleCalculos!$W:$W,$K102,DetalleCalculos!$H:$H,$M102) -> 44 | P102: =SUMIFS(DetalleCalculos!$Q:$Q,DetalleCalculos!$W:$W,$K102,DetalleCalculos!$H:$H,$M102) -> 0 | Q102: =+IF(L102=1,O102,P102) -> 44 | R102: =+IF(N102-Q102<=0,0,N102-Q102) -> 0 | S102: =_xlfn.XLOOKUP($J102&$K102&$M102,DetalleCalculos!$B:$B,DetalleCalculos!$O:$O,"",0,1) -> 6-0-1 | T102: =+_xlfn.XLOOKUP($S102,'Horarios y Sistemas'!$C:$C,'Horarios y Sistemas'!M:M,0,0,1) -> 1 | U102: =1-T102 -> 0 | V102: =+T102*R102 -> 0 | W102: =+U102*R102 -> 0 | X102: =+V102*X$5 -> 0 | Y102: =+W102*Y$5 -> 0 | Z102: Neto Periodo Proporcional | AA102: =+IF(AA101<=0,0,IF(AND(AA101>AB101,AB101<=0),IF(AA101+AB101>0,AA101+AB101,0),IF(AND(AA101>0,AB101>0),AA101,0))) -> 1.5 | AB102: =+IF(AB101<=0,0,IF(AND(AB101>AA101,AA101<=0),IF(AB101+AA101>0,AB101+AA101,0),IF(AND(AB101>0,AA101>0),AB101,0))) -> 0 | AC102: Horas Extras Finales | AD102: =+AA102/$X$5 -> 1 | AE102: =+AB102/$Y$5 -> 0
H103: =+I103&J103&K103&M103 -> SEPTIEMBRESem4040HECTOR RENE ALVIZUREZ MEJIA | I103: =+_xlfn.XLOOKUP(K103,DetalleCalculos!W:W,DetalleCalculos!S:S,"",0,1) -> SEPTIEMBRE | J103: =+"Sem"&K103 -> Sem40 | K103: =+$H$19 -> 40 | L103: =+IF(_xlfn.XLOOKUP(K103,DetalleCalculos!W:W,DetalleCalculos!U:U,0,0,1)=7,1,2) -> 1 | M103: {=+INDEX($B$23:$B$89,ROUNDUP((ROW()-22)/3,0))} -> HECTOR RENE ALVIZUREZ MEJIA | N103: =SUMIFS(DetalleCalculos!$N:$N,DetalleCalculos!$W:$W,$K103,DetalleCalculos!$H:$H,$M103)*24 -> 45 | O103: =SUMIFS(DetalleCalculos!$P:$P,DetalleCalculos!$W:$W,$K103,DetalleCalculos!$H:$H,$M103) -> 44 | P103: =SUMIFS(DetalleCalculos!$Q:$Q,DetalleCalculos!$W:$W,$K103,DetalleCalculos!$H:$H,$M103) -> 0 | Q103: =+IF(L103=1,O103,P103) -> 44 | R103: =+IF(N103-Q103<=0,0,N103-Q103) -> 1 | S103: =_xlfn.XLOOKUP($J103&$K103&$M103,DetalleCalculos!$B:$B,DetalleCalculos!$O:$O,"",0,1) -> 6-0-1 | T103: =+_xlfn.XLOOKUP($S103,'Horarios y Sistemas'!$C:$C,'Horarios y Sistemas'!M:M,0,0,1) -> 1 | U103: =1-T103 -> 0 | V103: =+T103*R103 -> 1 | W103: =+U103*R103 -> 0 | X103: =+V103*X$5 -> 1.5 | Y103: =+W103*Y$5 -> 0
H104: =+I104&J104&K104&M104 -> SEPTIEMBRESem3838HELIO ANGEL GABRIEL GUZMAN RIVERA | I104: =+_xlfn.XLOOKUP(K104,DetalleCalculos!W:W,DetalleCalculos!S:S,"",0,1) -> SEPTIEMBRE | J104: =+"Sem"&K104 -> Sem38 | K104: =+$H$17 -> 38 | L104: =+IF(_xlfn.XLOOKUP(K104,DetalleCalculos!W:W,DetalleCalculos!U:U,0,0,1)=7,1,2) -> 1 | M104: {=+INDEX($B$23:$B$89,ROUNDUP((ROW()-22)/3,0))} -> HELIO ANGEL GABRIEL GUZMAN RIVERA | N104: =SUMIFS(DetalleCalculos!$N:$N,DetalleCalculos!$W:$W,$K104,DetalleCalculos!$H:$H,$M104)*24 -> 0 | O104: =SUMIFS(DetalleCalculos!$P:$P,DetalleCalculos!$W:$W,$K104,DetalleCalculos!$H:$H,$M104) -> 0 | P104: =SUMIFS(DetalleCalculos!$Q:$Q,DetalleCalculos!$W:$W,$K104,DetalleCalculos!$H:$H,$M104) -> 0 | Q104: =+IF(L104=1,O104,P104) -> 0 | R104: =+IF(N104-Q104<=0,0,N104-Q104) -> 0 | S104: =_xlfn.XLOOKUP($J104&$K104&$M104,DetalleCalculos!$B:$B,DetalleCalculos!$O:$O,"",0,1) | T104: =+_xlfn.XLOOKUP($S104,'Horarios y Sistemas'!$C:$C,'Horarios y Sistemas'!M:M,0,0,1) -> 0 | U104: =1-T104 -> 1 | V104: =+T104*R104 -> 0 | W104: =+U104*R104 -> 0 | X104: =+V104*X$5 -> 0 | Y104: =+W104*Y$5 -> 0 | Z104: Neto Periodo | AA104: =+SUM(X104:X106) -> 0 | AB104: =+SUM(Y104:Y106) -> 0
H105: =+I105&J105&K105&M105 -> SEPTIEMBRESem3939HELIO ANGEL GABRIEL GUZMAN RIVERA | I105: =+_xlfn.XLOOKUP(K105,DetalleCalculos!W:W,DetalleCalculos!S:S,"",0,1) -> SEPTIEMBRE | J105: =+"Sem"&K105 -> Sem39 | K105: =+$H$18 -> 39 | L105: =+IF(_xlfn.XLOOKUP(K105,DetalleCalculos!W:W,DetalleCalculos!U:U,0,0,1)=7,1,2) -> 1 | M105: {=+INDEX($B$23:$B$89,ROUNDUP((ROW()-22)/3,0))} -> HELIO ANGEL GABRIEL GUZMAN RIVERA | N105: =SUMIFS(DetalleCalculos!$N:$N,DetalleCalculos!$W:$W,$K105,DetalleCalculos!$H:$H,$M105)*24 -> 0 | O105: =SUMIFS(DetalleCalculos!$P:$P,DetalleCalculos!$W:$W,$K105,DetalleCalculos!$H:$H,$M105) -> 0 | P105: =SUMIFS(DetalleCalculos!$Q:$Q,DetalleCalculos!$W:$W,$K105,DetalleCalculos!$H:$H,$M105) -> 0 | Q105: =+IF(L105=1,O105,P105) -> 0 | R105: =+IF(N105-Q105<=0,0,N105-Q105) -> 0 | S105: =_xlfn.XLOOKUP($J105&$K105&$M105,DetalleCalculos!$B:$B,DetalleCalculos!$O:$O,"",0,1) | T105: =+_xlfn.XLOOKUP($S105,'Horarios y Sistemas'!$C:$C,'Horarios y Sistemas'!M:M,0,0,1) -> 0 | U105: =1-T105 -> 1 | V105: =+T105*R105 -> 0 | W105: =+U105*R105 -> 0 | X105: =+V105*X$5 -> 0 | Y105: =+W105*Y$5 -> 0 | Z105: Neto Periodo Proporcional | AA105: =+IF(AA104<=0,0,IF(AND(AA104>AB104,AB104<=0),IF(AA104+AB104>0,AA104+AB104,0),IF(AND(AA104>0,AB104>0),AA104,0))) -> 0 | AB105: =+IF(AB104<=0,0,IF(AND(AB104>AA104,AA104<=0),IF(AB104+AA104>0,AB104+AA104,0),IF(AND(AB104>0,AA104>0),AB104,0))) -> 0 | AC105: Horas Extras Finales | AD105: =+AA105/$X$5 -> 0 | AE105: =+AB105/$Y$5 -> 0
H106: =+I106&J106&K106&M106 -> SEPTIEMBRESem4040HELIO ANGEL GABRIEL GUZMAN RIVERA | I106: =+_xlfn.XLOOKUP(K106,DetalleCalculos!W:W,DetalleCalculos!S:S,"",0,1) -> SEPTIEMBRE | J106: =+"Sem"&K106 -> Sem40 | K106: =+$H$19 -> 40 | L106: =+IF(_xlfn.XLOOKUP(K106,DetalleCalculos!W:W,DetalleCalculos!U:U,0,0,1)=7,1,2) -> 1 | M106: {=+INDEX($B$23:$B$89,ROUNDUP((ROW()-22)/3,0))} -> HELIO ANGEL GABRIEL GUZMAN RIVERA | N106: =SUMIFS(DetalleCalculos!$N:$N,DetalleCalculos!$W:$W,$K106,DetalleCalculos!$H:$H,$M106)*24 -> 0 | O106: =SUMIFS(DetalleCalculos!$P:$P,DetalleCalculos!$W:$W,$K106,DetalleCalculos!$H:$H,$M106) -> 0 | P106: =SUMIFS(DetalleCalculos!$Q:$Q,DetalleCalculos!$W:$W,$K106,DetalleCalculos!$H:$H,$M106) -> 0 | Q106: =+IF(L106=1,O106,P106) -> 0 | R106: =+IF(N106-Q106<=0,0,N106-Q106) -> 0 | S106: =_xlfn.XLOOKUP($J106&$K106&$M106,DetalleCalculos!$B:$B,DetalleCalculos!$O:$O,"",0,1) | T106: =+_xlfn.XLOOKUP($S106,'Horarios y Sistemas'!$C:$C,'Horarios y Sistemas'!M:M,0,0,1) -> 0 | U106: =1-T106 -> 1 | V106: =+T106*R106 -> 0 | W106: =+U106*R106 -> 0 | X106: =+V106*X$5 -> 0 | Y106: =+W106*Y$5 -> 0
...

Sheet DetalleCalculos
O2: Info Base de Datos | P2: Info Horarios | Q2: Fechas | R2: Turnos
I6: Formulas | J6: 1 | K6: 2 | L6: 3 = 2-1 | M6: 4 | N6: 5 = 3-4
B7: Codigo1 | C7: Codigo 2 | D7: Codigo 3 | E7: Codigo 4 | F7: Codigo 5 | H7: Empleado | I7: Tipo de Turno | J7: Turno Ingreso | K7: Turno Egreso | L7: Horas Presenciadas | M7: Hora de Almuerzo/Cena | N7: Hora Efectiva | O7: Sistema | P7: Ordinarias Semana Completa | Q7: Ordinarias Semana dividida | R7: Total Ordinarias | S7: MES | T7: Semana | U7: Dias de la Semana | V7: Fecha | W7: Semana | X7: Dia del mes | Y7: Dia | Z7: Dia Semana | AA7: DIA | AB7: NOCHE | AC7: DESCANSO | AD7: ASUETO-D | AE7: ASUETO-N
B8: =+T8&W8&H8 -> Sem3838ADOLFO DE JESUS LOPEZ CHAVEZ | C8: =+S8&T8 -> SEPTIEMBRESem38 | D8: =+S8&T8&H8 -> SEPTIEMBRESem38ADOLFO DE JESUS LOPEZ CHAVEZ | E8: =+S8&T8&W8&H8 -> SEPTIEMBRESem3838ADOLFO DE JESUS LOPEZ CHAVEZ | F8: =+H8&V8 -> ADOLFO DE JESUS LOPEZ CHAVEZ46279 | H8: ADOLFO DE JESUS LOPEZ CHAVEZ | I8: =+_xlfn.XLOOKUP($H8&$V8,BASEDATOS!$B:$B,BASEDATOS!F:F,0,0,1) -> DESCANSO | J8: =+_xlfn.XLOOKUP($H8&$V8,BASEDATOS!$B:$B,BASEDATOS!Q:Q,0,0,1) -> 0 | K8: =+_xlfn.XLOOKUP($H8&$V8,BASEDATOS!$B:$B,BASEDATOS!R:R,0,0,1) -> 0 | L8: =+IF(OR(J8="Descanso",J8="AUSENTE",J8="ASUETO"),0,MOD(K8-J8,1)) -> 0 | M8: =+IF(OR(I8="DIA",I8="NOCHE",I8="MIXTO"),"1:00",0) -> 0 | N8: =+IF(I8="ASUETO-D",8/24,IF(I8="ASUETO-N",6/24,MOD(L8-M8,1))) -> 0 | O8: =+O14 -> 5-0-2 | P8: =+IF(AND(Y8="Domingo",U8=7),_xlfn.XLOOKUP(O8,'Horarios y Sistemas'!C:C,'Horarios y Sistemas'!H:H,0,0,1),0) -> 0 | Q8: =IF(U8=U9,0,IF(AVERAGEIF(W:W,W8,U:U)=U8,0,_xlfn.XLOOKUP(O8,'Horarios y Sistemas'!C:C,'Horarios y Sistemas'!H:H,0,0,1)-P8))/7*U8 -> 0 | R8: =+IF(Y8="Domingo",SUM(P2:Q8),0) -> 0 | S8: =+UPPER(TEXT(V8,"MMMMMMMM")) -> SEPTIEMBRE | T8: =+"Sem"&W8 -> Sem38 | U8: =+COUNTIF(B:B,B8) -> 7 | V8: 46279 | W8: =+_xlfn.ISOWEEKNUM(V8) -> 38 | X8: =+DAY(V8) -> 14 | Y8: Lunes | Z8: 1 | AA8: =+IF($I8=AA$7,1,0) -> 0 | AB8: =+IF($I8=AB$7,1,0) -> 0 | AC8: =+IF($I8=AC$7,1,0) -> 1 | AD8: =+IF($I8=AD$7,1,0) -> 0 | AE8: =+IF($I8=AE$7,1,0) -> 0
B9: =+T9&W9&H9 -> Sem3838ADOLFO DE JESUS LOPEZ CHAVEZ | C9: =+S9&T9 -> SEPTIEMBRESem38 | D9: =+S9&T9&H9 -> SEPTIEMBRESem38ADOLFO DE JESUS LOPEZ CHAVEZ | E9: =+S9&T9&W9&H9 -> SEPTIEMBRESem3838ADOLFO DE JESUS LOPEZ CHAVEZ | F9: =+H9&V9 -> ADOLFO DE JESUS LOPEZ CHAVEZ46280 | H9: ADOLFO DE JESUS LOPEZ CHAVEZ | I9: =+_xlfn.XLOOKUP($H9&$V9,BASEDATOS!$B:$B,BASEDATOS!F:F,0,0,1) -> DIA | J9: =+_xlfn.XLOOKUP($H9&$V9,BASEDATOS!$B:$B,BASEDATOS!Q:Q,0,0,1) -> 0.33333333 | K9: =+_xlfn.XLOOKUP($H9&$V9,BASEDATOS!$B:$B,BASEDATOS!R:R,0,0,1) -> 0.70833333 | L9: =+IF(OR(J9="Descanso",J9="AUSENTE",J9="ASUETO"),0,MOD(K9-J9,1)) -> 0.375 | M9: =+IF(OR(I9="DIA",I9="NOCHE",I9="MIXTO"),"1:00",0) -> 1:00 | N9: =+IF(I9="ASUETO-D",8/24,IF(I9="ASUETO-N",6/24,MOD(L9-M9,1))) -> 0.33333333 | O9: =+O14 -> 5-0-2 | P9: =+IF(AND(Y9="Domingo",U9=7),_xlfn.XLOOKUP(O9,'Horarios y Sistemas'!C:C,'Horarios y Sistemas'!H:H,0,0,1),0) -> 0 | Q9: =IF(U9=U10,0,IF(AVERAGEIF(W:W,W9,U:U)=U9,0,_xlfn.XLOOKUP(O9,'Horarios y Sistemas'!C:C,'Horarios y Sistemas'!H:H,0,0,1)-P9))/7*U9 -> 0 | R9: =+IF(Y9="Domingo",SUM(P3:Q9),0) -> 0 | S9: =+UPPER(TEXT(V9,"MMMMMMMM")) -> SEPTIEMBRE | T9: =+"Sem"&W9 -> Sem38 | U9: =+COUNTIF(B:B,B9) -> 7 | V9: 46280 | W9: =+_xlfn.ISOWEEKNUM(V9) -> 38 | X9: =+DAY(V9) -> 15 | Y9: Martes | Z9: 2 | AA9: =+IF($I9=AA$7,1,0) -> 1 | AB9: =+IF($I9=AB$7,1,0) -> 0 | AC9: =+IF($I9=AC$7,1,0) -> 0 | AD9: =+IF($I9=AD$7,1,0) -> 0 | AE9: =+IF($I9=AE$7,1,0) -> 0
B10: =+T10&W10&H10 -> Sem3838ADOLFO DE JESUS LOPEZ CHAVEZ | C10: =+S10&T10 -> SEPTIEMBRESem38 | D10: =+S10&T10&H10 -> SEPTIEMBRESem38ADOLFO DE JESUS LOPEZ CHAVEZ | E10: =+S10&T10&W10&H10 -> SEPTIEMBRESem3838ADOLFO DE JESUS LOPEZ CHAVEZ | F10: =+H10&V10 -> ADOLFO DE JESUS LOPEZ CHAVEZ46281 | H10: ADOLFO DE JESUS LOPEZ CHAVEZ | I10: =+_xlfn.XLOOKUP($H10&$V10,BASEDATOS!$B:$B,BASEDATOS!F:F,0,0,1) -> DIA | J10: =+_xlfn.XLOOKUP($H10&$V10,BASEDATOS!$B:$B,BASEDATOS!Q:Q,0,0,1) -> 0.23958333 | K10: =+_xlfn.XLOOKUP($H10&$V10,BASEDATOS!$B:$B,BASEDATOS!R:R,0,0,1) -> 0.75 | L10: =+IF(OR(J10="Descanso",J10="AUSENTE",J10="ASUETO"),0,MOD(K10-J10,1)) -> 0.51041667 | M10: =+IF(OR(I10="DIA",I10="NOCHE",I10="MIXTO"),"1:00",0) -> 1:00 | N10: =+IF(I10="ASUETO-D",8/24,IF(I10="ASUETO-N",6/24,MOD(L10-M10,1))) -> 0.46875 | O10: =+O14 -> 5-0-2 | P10: =+IF(AND(Y10="Domingo",U10=7),_xlfn.XLOOKUP(O10,'Horarios y Sistemas'!C:C,'Horarios y Sistemas'!H:H,0,0,1),0) -> 0 | Q10: =IF(U10=U11,0,IF(AVERAGEIF(W:W,W10,U:U)=U10,0,_xlfn.XLOOKUP(O10,'Horarios y Sistemas'!C:C,'Horarios y Sistemas'!H:H,0,0,1)-P10))/7*U10 -> 0 | R10: =+IF(Y10="Domingo",SUM(P4:Q10),0) -> 0 | S10: =+UPPER(TEXT(V10,"MMMMMMMM")) -> SEPTIEMBRE | T10: =+"Sem"&W10 -> Sem38 | U10: =+COUNTIF(B:B,B10) -> 7 | V10: 46281 | W10: =+_xlfn.ISOWEEKNUM(V10) -> 38 | X10: =+DAY(V10) -> 16 | Y10: Miércoles | Z10: 3 | AA10: =+IF($I10=AA$7,1,0) -> 1 | AB10: =+IF($I10=AB$7,1,0) -> 0 | AC10: =+IF($I10=AC$7,1,0) -> 0 | AD10: =+IF($I10=AD$7,1,0) -> 0 | AE10: =+IF($I10=AE$7,1,0) -> 0
B11: =+T11&W11&H11 -> Sem3838ADOLFO DE JESUS LOPEZ CHAVEZ | C11: =+S11&T11 -> SEPTIEMBRESem38 | D11: =+S11&T11&H11 -> SEPTIEMBRESem38ADOLFO DE JESUS LOPEZ CHAVEZ | E11: =+S11&T11&W11&H11 -> SEPTIEMBRESem3838ADOLFO DE JESUS LOPEZ CHAVEZ | F11: =+H11&V11 -> ADOLFO DE JESUS LOPEZ CHAVEZ46282 | H11: ADOLFO DE JESUS LOPEZ CHAVEZ | I11: =+_xlfn.XLOOKUP($H11&$V11,BASEDATOS!$B:$B,BASEDATOS!F:F,0,0,1) -> DIA | J11: =+_xlfn.XLOOKUP($H11&$V11,BASEDATOS!$B:$B,BASEDATOS!Q:Q,0,0,1) -> 0.23958333 | K11: =+_xlfn.XLOOKUP($H11&$V11,BASEDATOS!$B:$B,BASEDATOS!R:R,0,0,1) -> 0.75 | L11: =+IF(OR(J11="Descanso",J11="AUSENTE",J11="ASUETO"),0,MOD(K11-J11,1)) -> 0.51041667 | M11: =+IF(OR(I11="DIA",I11="NOCHE",I11="MIXTO"),"1:00",0) -> 1:00 | N11: =+IF(I11="ASUETO-D",8/24,IF(I11="ASUETO-N",6/24,MOD(L11-M11,1))) -> 0.46875 | O11: =+O14 -> 5-0-2 | P11: =+IF(AND(Y11="Domingo",U11=7),_xlfn.XLOOKUP(O11,'Horarios y Sistemas'!C:C,'Horarios y Sistemas'!H:H,0,0,1),0) -> 0 | Q11: =IF(U11=U12,0,IF(AVERAGEIF(W:W,W11,U:U)=U11,0,_xlfn.XLOOKUP(O11,'Horarios y Sistemas'!C:C,'Horarios y Sistemas'!H:H,0,0,1)-P11))/7*U11 -> 0 | R11: =+IF(Y11="Domingo",SUM(P5:Q11),0) -> 0 | S11: =+UPPER(TEXT(V11,"MMMMMMMM")) -> SEPTIEMBRE | T11: =+"Sem"&W11 -> Sem38 | U11: =+COUNTIF(B:B,B11) -> 7 | V11: 46282 | W11: =+_xlfn.ISOWEEKNUM(V11) -> 38 | X11: =+DAY(V11) -> 17 | Y11: Jueves | Z11: 4 | AA11: =+IF($I11=AA$7,1,0) -> 1 | AB11: =+IF($I11=AB$7,1,0) -> 0 | AC11: =+IF($I11=AC$7,1,0) -> 0 | AD11: =+IF($I11=AD$7,1,0) -> 0 | AE11: =+IF($I11=AE$7,1,0) -> 0
B12: =+T12&W12&H12 -> Sem3838ADOLFO DE JESUS LOPEZ CHAVEZ | C12: =+S12&T12 -> SEPTIEMBRESem38 | D12: =+S12&T12&H12 -> SEPTIEMBRESem38ADOLFO DE JESUS LOPEZ CHAVEZ | E12: =+S12&T12&W12&H12 -> SEPTIEMBRESem3838ADOLFO DE JESUS LOPEZ CHAVEZ | F12: =+H12&V12 -> ADOLFO DE JESUS LOPEZ CHAVEZ46283 | H12: ADOLFO DE JESUS LOPEZ CHAVEZ | I12: =+_xlfn.XLOOKUP($H12&$V12,BASEDATOS!$B:$B,BASEDATOS!F:F,0,0,1) -> DIA | J12: =+_xlfn.XLOOKUP($H12&$V12,BASEDATOS!$B:$B,BASEDATOS!Q:Q,0,0,1) -> 0.23958333 | K12: =+_xlfn.XLOOKUP($H12&$V12,BASEDATOS!$B:$B,BASEDATOS!R:R,0,0,1) -> 0.75 | L12: =+IF(OR(J12="Descanso",J12="AUSENTE",J12="ASUETO"),0,MOD(K12-J12,1)) -> 0.51041667 | M12: =+IF(OR(I12="DIA",I12="NOCHE",I12="MIXTO"),"1:00",0) -> 1:00 | N12: =+IF(I12="ASUETO-D",8/24,IF(I12="ASUETO-N",6/24,MOD(L12-M12,1))) -> 0.46875 | O12: =+O14 -> 5-0-2 | P12: =+IF(AND(Y12="Domingo",U12=7),_xlfn.XLOOKUP(O12,'Horarios y Sistemas'!C:C,'Horarios y Sistemas'!H:H,0,0,1),0) -> 0 | Q12: =IF(U12=U13,0,IF(AVERAGEIF(W:W,W12,U:U)=U12,0,_xlfn.XLOOKUP(O12,'Horarios y Sistemas'!C:C,'Horarios y Sistemas'!H:H,0,0,1)-P12))/7*U12 -> 0 | R12: =+IF(Y12="Domingo",SUM(P6:Q12),0) -> 0 | S12: =+UPPER(TEXT(V12,"MMMMMMMM")) -> SEPTIEMBRE | T12: =+"Sem"&W12 -> Sem38 | U12: =+COUNTIF(B:B,B12) -> 7 | V12: 46283 | W12: =+_xlfn.ISOWEEKNUM(V12) -> 38 | X12: =+DAY(V12) -> 18 | Y12: Viernes | Z12: 5 | AA12: =+IF($I12=AA$7,1,0) -> 1 | AB12: =+IF($I12=AB$7,1,0) -> 0 | AC12: =+IF($I12=AC$7,1,0) -> 0 | AD12: =+IF($I12=AD$7,1,0) -> 0 | AE12: =+IF($I12=AE$7,1,0) -> 0
B13: =+T13&W13&H13 -> Sem3838ADOLFO DE JESUS LOPEZ CHAVEZ | C13: =+S13&T13 -> SEPTIEMBRESem38 | D13: =+S13&T13&H13 -> SEPTIEMBRESem38ADOLFO DE JESUS LOPEZ CHAVEZ | E13: =+S13&T13&W13&H13 -> SEPTIEMBRESem3838ADOLFO DE JESUS LOPEZ CHAVEZ | F13: =+H13&V13 -> ADOLFO DE JESUS LOPEZ CHAVEZ46284 | H13: ADOLFO DE JESUS LOPEZ CHAVEZ | I13: =+_xlfn.XLOOKUP($H13&$V13,BASEDATOS!$B:$B,BASEDATOS!F:F,0,0,1) -> DIA | J13: =+_xlfn.XLOOKUP($H13&$V13,BASEDATOS!$B:$B,BASEDATOS!Q:Q,0,0,1) -> 0.23958333 | K13: =+_xlfn.XLOOKUP($H13&$V13,BASEDATOS!$B:$B,BASEDATOS!R:R,0,0,1) -> 0.58333333 | L13: =+IF(OR(J13="Descanso",J13="AUSENTE",J13="ASUETO"),0,MOD(K13-J13,1)) -> 0.34375 | M13: =+IF(OR(I13="DIA",I13="NOCHE",I13="MIXTO"),"1:00",0) -> 1:00 | N13: =+IF(I13="ASUETO-D",8/24,IF(I13="ASUETO-N",6/24,MOD(L13-M13,1))) -> 0.30208333 | O13: =+O14 -> 5-0-2 | P13: =+IF(AND(Y13="Domingo",U13=7),_xlfn.XLOOKUP(O13,'Horarios y Sistemas'!C:C,'Horarios y Sistemas'!H:H,0,0,1),0) -> 0 | Q13: =IF(U13=U14,0,IF(AVERAGEIF(W:W,W13,U:U)=U13,0,_xlfn.XLOOKUP(O13,'Horarios y Sistemas'!C:C,'Horarios y Sistemas'!H:H,0,0,1)-P13))/7*U13 -> 0 | R13: =+IF(Y13="Domingo",SUM(P7:Q13),0) -> 0 | S13: =+UPPER(TEXT(V13,"MMMMMMMM")) -> SEPTIEMBRE | T13: =+"Sem"&W13 -> Sem38 | U13: =+COUNTIF(B:B,B13) -> 7 | V13: 46284 | W13: =+_xlfn.ISOWEEKNUM(V13) -> 38 | X13: =+DAY(V13) -> 19 | Y13: Sábado | Z13: 6 | AA13: =+IF($I13=AA$7,1,0) -> 1 | AB13: =+IF($I13=AB$7,1,0) -> 0 | AC13: =+IF($I13=AC$7,1,0) -> 0 | AD13: =+IF($I13=AD$7,1,0) -> 0 | AE13: =+IF($I13=AE$7,1,0) -> 0
B14: =+T14&W14&H14 -> Sem3838ADOLFO DE JESUS LOPEZ CHAVEZ | C14: =+S14&T14 -> SEPTIEMBRESem38 | D14: =+S14&T14&H14 -> SEPTIEMBRESem38ADOLFO DE JESUS LOPEZ CHAVEZ | E14: =+S14&T14&W14&H14 -> SEPTIEMBRESem3838ADOLFO DE JESUS LOPEZ CHAVEZ | F14: =+H14&V14 -> ADOLFO DE JESUS LOPEZ CHAVEZ46285 | H14: ADOLFO DE JESUS LOPEZ CHAVEZ | I14: =+_xlfn.XLOOKUP($H14&$V14,BASEDATOS!$B:$B,BASEDATOS!F:F,0,0,1) -> DESCANSO | J14: =+_xlfn.XLOOKUP($H14&$V14,BASEDATOS!$B:$B,BASEDATOS!Q:Q,0,0,1) -> 0 | K14: =+_xlfn.XLOOKUP($H14&$V14,BASEDATOS!$B:$B,BASEDATOS!R:R,0,0,1) -> 0 | L14: =+IF(OR(J14="Descanso",J14="AUSENTE",J14="ASUETO"),0,MOD(K14-J14,1)) -> 0 | M14: =+IF(OR(I14="DIA",I14="NOCHE",I14="MIXTO"),"1:00",0) -> 0 | N14: =+IF(I14="ASUETO-D",8/24,IF(I14="ASUETO-N",6/24,MOD(L14-M14,1))) -> 0 | O14: =+IF(Y14="Domingo",SUM(AA8:AA14)&"-"&SUM(AB8:AB14)&"-"&SUM(AC8:AE14),"") -> 5-0-2 | P14: =+IF(AND(Y14="Domingo",U14=7),_xlfn.XLOOKUP(O14,'Horarios y Sistemas'!C:C,'Horarios y Sistemas'!H:H,0,0,1),0) -> 44 | Q14: =IF(U14=U15,0,IF(AVERAGEIF(W:W,W14,U:U)=U14,0,_xlfn.XLOOKUP(O14,'Horarios y Sistemas'!C:C,'Horarios y Sistemas'!H:H,0,0,1)-P14))/7*U14 -> 0 | R14: =+IF(Y14="Domingo",SUM(P8:Q14),0) -> 44 | S14: =+UPPER(TEXT(V14,"MMMMMMMM")) -> SEPTIEMBRE | T14: =+"Sem"&W14 -> Sem38 | U14: =+COUNTIF(B:B,B14) -> 7 | V14: 46285 | W14: =+_xlfn.ISOWEEKNUM(V14) -> 38 | X14: =+DAY(V14) -> 20 | Y14: Domingo | Z14: 7 | AA14: =+IF($I14=AA$7,1,0) -> 0 | AB14: =+IF($I14=AB$7,1,0) -> 0 | AC14: =+IF($I14=AC$7,1,0) -> 1 | AD14: =+IF($I14=AD$7,1,0) -> 0 | AE14: =+IF($I14=AE$7,1,0) -> 0
B15: =+T15&W15&H15 -> Sem3939ADOLFO DE JESUS LOPEZ CHAVEZ | C15: =+S15&T15 -> SEPTIEMBRESem39 | D15: =+S15&T15&H15 -> SEPTIEMBRESem39ADOLFO DE JESUS LOPEZ CHAVEZ | E15: =+S15&T15&W15&H15 -> SEPTIEMBRESem3939ADOLFO DE JESUS LOPEZ CHAVEZ | F15: =+H15&V15 -> ADOLFO DE JESUS LOPEZ CHAVEZ46286 | H15: ADOLFO DE JESUS LOPEZ CHAVEZ | I15: =+_xlfn.XLOOKUP($H15&$V15,BASEDATOS!$B:$B,BASEDATOS!F:F,0,0,1) -> NOCHE | J15: =+_xlfn.XLOOKUP($H15&$V15,BASEDATOS!$B:$B,BASEDATOS!Q:Q,0,0,1) -> 0.73958333 | K15: =+_xlfn.XLOOKUP($H15&$V15,BASEDATOS!$B:$B,BASEDATOS!R:R,0,0,1) -> 0.25 | L15: =+IF(OR(J15="Descanso",J15="AUSENTE",J15="ASUETO"),0,MOD(K15-J15,1)) -> 0.51041667 | M15: =+IF(OR(I15="DIA",I15="NOCHE",I15="MIXTO"),"1:00",0) -> 1:00 | N15: =+IF(I15="ASUETO-D",8/24,IF(I15="ASUETO-N",6/24,MOD(L15-M15,1))) -> 0.46875 | O15: =+O21 -> 0-5-2 | P15: =+IF(AND(Y15="Domingo",U15=7),_xlfn.XLOOKUP(O15,'Horarios y Sistemas'!C:C,'Horarios y Sistemas'!H:H,0,0,1),0) -> 0 | Q15: =IF(U15=U16,0,IF(AVERAGEIF(W:W,W15,U:U)=U15,0,_xlfn.XLOOKUP(O15,'Horarios y Sistemas'!C:C,'Horarios y Sistemas'!H:H,0,0,1)-P15))/7*U15 -> 0 | R15: =+IF(Y15="Domingo",SUM(P9:Q15),0) -> 0 | S15: =+UPPER(TEXT(V15,"MMMMMMMM")) -> SEPTIEMBRE | T15: =+"Sem"&W15 -> Sem39 | U15: =+COUNTIF(B:B,B15) -> 7 | V15: 46286 | W15: =+_xlfn.ISOWEEKNUM(V15) -> 39 | X15: =+DAY(V15) -> 21 | Y15: Lunes | Z15: 1 | AA15: =+IF($I15=AA$7,1,0) -> 0 | AB15: =+IF($I15=AB$7,1,0) -> 1 | AC15: =+IF($I15=AC$7,1,0) -> 0 | AD15: =+IF($I15=AD$7,1,0) -> 0 | AE15: =+IF($I15=AE$7,1,0) -> 0
B16: =+T16&W16&H16 -> Sem3939ADOLFO DE JESUS LOPEZ CHAVEZ | C16: =+S16&T16 -> SEPTIEMBRESem39 | D16: =+S16&T16&H16 -> SEPTIEMBRESem39ADOLFO DE JESUS LOPEZ CHAVEZ | E16: =+S16&T16&W16&H16 -> SEPTIEMBRESem3939ADOLFO DE JESUS LOPEZ CHAVEZ | F16: =+H16&V16 -> ADOLFO DE JESUS LOPEZ CHAVEZ46287 | H16: ADOLFO DE JESUS LOPEZ CHAVEZ | I16: =+_xlfn.XLOOKUP($H16&$V16,BASEDATOS!$B:$B,BASEDATOS!F:F,0,0,1) -> NOCHE | J16: =+_xlfn.XLOOKUP($H16&$V16,BASEDATOS!$B:$B,BASEDATOS!Q:Q,0,0,1) -> 0.73958333 | K16: =+_xlfn.XLOOKUP($H16&$V16,BASEDATOS!$B:$B,BASEDATOS!R:R,0,0,1) -> 0.25 | L16: =+IF(OR(J16="Descanso",J16="AUSENTE",J16="ASUETO"),0,MOD(K16-J16,1)) -> 0.51041667 | M16: =+IF(OR(I16="DIA",I16="NOCHE",I16="MIXTO"),"1:00",0) -> 1:00 | N16: =+IF(I16="ASUETO-D",8/24,IF(I16="ASUETO-N",6/24,MOD(L16-M16,1))) -> 0.46875 | O16: =+O21 -> 0-5-2 | P16: =+IF(AND(Y16="Domingo",U16=7),_xlfn.XLOOKUP(O16,'Horarios y Sistemas'!C:C,'Horarios y Sistemas'!H:H,0,0,1),0) -> 0 | Q16: =IF(U16=U17,0,IF(AVERAGEIF(W:W,W16,U:U)=U16,0,_xlfn.XLOOKUP(O16,'Horarios y Sistemas'!C:C,'Horarios y Sistemas'!H:H,0,0,1)-P16))/7*U16 -> 0 | R16: =+IF(Y16="Domingo",SUM(P10:Q16),0) -> 0 | S16: =+UPPER(TEXT(V16,"MMMMMMMM")) -> SEPTIEMBRE | T16: =+"Sem"&W16 -> Sem39 | U16: =+COUNTIF(B:B,B16) -> 7 | V16: 46287 | W16: =+_xlfn.ISOWEEKNUM(V16) -> 39 | X16: =+DAY(V16) -> 22 | Y16: Martes | Z16: 2 | AA16: =+IF($I16=AA$7,1,0) -> 0 | AB16: =+IF($I16=AB$7,1,0) -> 1 | AC16: =+IF($I16=AC$7,1,0) -> 0 | AD16: =+IF($I16=AD$7,1,0) -> 0 | AE16: =+IF($I16=AE$7,1,0) -> 0
B17: =+T17&W17&H17 -> Sem3939ADOLFO DE JESUS LOPEZ CHAVEZ | C17: =+S17&T17 -> SEPTIEMBRESem39 | D17: =+S17&T17&H17 -> SEPTIEMBRESem39ADOLFO DE JESUS LOPEZ CHAVEZ | E17: =+S17&T17&W17&H17 -> SEPTIEMBRESem3939ADOLFO DE JESUS LOPEZ CHAVEZ | F17: =+H17&V17 -> ADOLFO DE JESUS LOPEZ CHAVEZ46288 | H17: ADOLFO DE JESUS LOPEZ CHAVEZ | I17: =+_xlfn.XLOOKUP($H17&$V17,BASEDATOS!$B:$B,BASEDATOS!F:F,0,0,1) -> NOCHE | J17: =+_xlfn.XLOOKUP($H17&$V17,BASEDATOS!$B:$B,BASEDATOS!Q:Q,0,0,1) -> 0.73958333 | K17: =+_xlfn.XLOOKUP($H17&$V17,BASEDATOS!$B:$B,BASEDATOS!R:R,0,0,1) -> 0.25 | L17: =+IF(OR(J17="Descanso",J17="AUSENTE",J17="ASUETO"),0,MOD(K17-J17,1)) -> 0.51041667 | M17: =+IF(OR(I17="DIA",I17="NOCHE",I17="MIXTO"),"1:00",0) -> 1:00 | N17: =+IF(I17="ASUETO-D",8/24,IF(I17="ASUETO-N",6/24,MOD(L17-M17,1))) -> 0.46875 | O17: =+O21 -> 0-5-2 | P17: =+IF(AND(Y17="Domingo",U17=7),_xlfn.XLOOKUP(O17,'Horarios y Sistemas'!C:C,'Horarios y Sistemas'!H:H,0,0,1),0) -> 0 | Q17: =IF(U17=U18,0,IF(AVERAGEIF(W:W,W17,U:U)=U17,0,_xlfn.XLOOKUP(O17,'Horarios y Sistemas'!C:C,'Horarios y Sistemas'!H:H,0,0,1)-P17))/7*U17 -> 0 | R17: =+IF(Y17="Domingo",SUM(P11:Q17),0) -> 0 | S17: =+UPPER(TEXT(V17,"MMMMMMMM")) -> SEPTIEMBRE | T17: =+"Sem"&W17 -> Sem39 | U17: =+COUNTIF(B:B,B17) -> 7 | V17: 46288 | W17: =+_xlfn.ISOWEEKNUM(V17) -> 39 | X17: =+DAY(V17) -> 23 | Y17: Miércoles | Z17: 3 | AA17: =+IF($I17=AA$7,1,0) -> 0 | AB17: =+IF($I17=AB$7,1,0) -> 1 | AC17: =+IF($I17=AC$7,1,0) -> 0 | AD17: =+IF($I17=AD$7,1,0) -> 0 | AE17: =+IF($I17=AE$7,1,0) -> 0
B18: =+T18&W18&H18 -> Sem3939ADOLFO DE JESUS LOPEZ CHAVEZ | C18: =+S18&T18 -> SEPTIEMBRESem39 | D18: =+S18&T18&H18 -> SEPTIEMBRESem39ADOLFO DE JESUS LOPEZ CHAVEZ | E18: =+S18&T18&W18&H18 -> SEPTIEMBRESem3939ADOLFO DE JESUS LOPEZ CHAVEZ | F18: =+H18&V18 -> ADOLFO DE JESUS LOPEZ CHAVEZ46289 | H18: ADOLFO DE JESUS LOPEZ CHAVEZ | I18: =+_xlfn.XLOOKUP($H18&$V18,BASEDATOS!$B:$B,BASEDATOS!F:F,0,0,1) -> NOCHE | J18: =+_xlfn.XLOOKUP($H18&$V18,BASEDATOS!$B:$B,BASEDATOS!Q:Q,0,0,1) -> 0.73958333 | K18: =+_xlfn.XLOOKUP($H18&$V18,BASEDATOS!$B:$B,BASEDATOS!R:R,0,0,1) -> 0.25 | L18: =+IF(OR(J18="Descanso",J18="AUSENTE",J18="ASUETO"),0,MOD(K18-J18,1)) -> 0.51041667 | M18: =+IF(OR(I18="DIA",I18="NOCHE",I18="MIXTO"),"1:00",0) -> 1:00 | N18: =+IF(I18="ASUETO-D",8/24,IF(I18="ASUETO-N",6/24,MOD(L18-M18,1))) -> 0.46875 | O18: =+O21 -> 0-5-2 | P18: =+IF(AND(Y18="Domingo",U18=7),_xlfn.XLOOKUP(O18,'Horarios y Sistemas'!C:C,'Horarios y Sistemas'!H:H,0,0,1),0) -> 0 | Q18: =IF(U18=U19,0,IF(AVERAGEIF(W:W,W18,U:U)=U18,0,_xlfn.XLOOKUP(O18,'Horarios y Sistemas'!C:C,'Horarios y Sistemas'!H:H,0,0,1)-P18))/7*U18 -> 0 | R18: =+IF(Y18="Domingo",SUM(P12:Q18),0) -> 0 | S18: =+UPPER(TEXT(V18,"MMMMMMMM")) -> SEPTIEMBRE | T18: =+"Sem"&W18 -> Sem39 | U18: =+COUNTIF(B:B,B18) -> 7 | V18: 46289 | W18: =+_xlfn.ISOWEEKNUM(V18) -> 39 | X18: =+DAY(V18) -> 24 | Y18: Jueves | Z18: 4 | AA18: =+IF($I18=AA$7,1,0) -> 0 | AB18: =+IF($I18=AB$7,1,0) -> 1 | AC18: =+IF($I18=AC$7,1,0) -> 0 | AD18: =+IF($I18=AD$7,1,0) -> 0 | AE18: =+IF($I18=AE$7,1,0) -> 0
B19: =+T19&W19&H19 -> Sem3939ADOLFO DE JESUS LOPEZ CHAVEZ | C19: =+S19&T19 -> SEPTIEMBRESem39 | D19: =+S19&T19&H19 -> SEPTIEMBRESem39ADOLFO DE JESUS LOPEZ CHAVEZ | E19: =+S19&T19&W19&H19 -> SEPTIEMBRESem3939ADOLFO DE JESUS LOPEZ CHAVEZ | F19: =+H19&V19 -> ADOLFO DE JESUS LOPEZ CHAVEZ46290 | H19: ADOLFO DE JESUS LOPEZ CHAVEZ | I19: =+_xlfn.XLOOKUP($H19&$V19,BASEDATOS!$B:$B,BASEDATOS!F:F,0,0,1) -> NOCHE | J19: =+_xlfn.XLOOKUP($H19&$V19,BASEDATOS!$B:$B,BASEDATOS!Q:Q,0,0,1) -> 0.73958333 | K19: =+_xlfn.XLOOKUP($H19&$V19,BASEDATOS!$B:$B,BASEDATOS!R:R,0,0,1) -> 0.25 | L19: =+IF(OR(J19="Descanso",J19="AUSENTE",J19="ASUETO"),0,MOD(K19-J19,1)) -> 0.51041667 | M19: =+IF(OR(I19="DIA",I19="NOCHE",I19="MIXTO"),"1:00",0) -> 1:00 | N19: =+IF(I19="ASUETO-D",8/24,IF(I19="ASUETO-N",6/24,MOD(L19-M19,1))) -> 0.46875 | O19: =+O21 -> 0-5-2 | P19: =+IF(AND(Y19="Domingo",U19=7),_xlfn.XLOOKUP(O19,'Horarios y Sistemas'!C:C,'Horarios y Sistemas'!H:H,0,0,1),0) -> 0 | Q19: =IF(U19=U20,0,IF(AVERAGEIF(W:W,W19,U:U)=U19,0,_xlfn.XLOOKUP(O19,'Horarios y Sistemas'!C:C,'Horarios y Sistemas'!H:H,0,0,1)-P19))/7*U19 -> 0 | R19: =+IF(Y19="Domingo",SUM(P13:Q19),0) -> 0 | S19: =+UPPER(TEXT(V19,"MMMMMMMM")) -> SEPTIEMBRE | T19: =+"Sem"&W19 -> Sem39 | U19: =+COUNTIF(B:B,B19) -> 7 | V19: 46290 | W19: =+_xlfn.ISOWEEKNUM(V19) -> 39 | X19: =+DAY(V19) -> 25 | Y19: Viernes | Z19: 5 | AA19: =+IF($I19=AA$7,1,0) -> 0 | AB19: =+IF($I19=AB$7,1,0) -> 1 | AC19: =+IF($I19=AC$7,1,0) -> 0 | AD19: =+IF($I19=AD$7,1,0) -> 0 | AE19: =+IF($I19=AE$7,1,0) -> 0
B20: =+T20&W20&H20 -> Sem3939ADOLFO DE JESUS LOPEZ CHAVEZ | C20: =+S20&T20 -> SEPTIEMBRESem39 | D20: =+S20&T20&H20 -> SEPTIEMBRESem39ADOLFO DE JESUS LOPEZ CHAVEZ | E20: =+S20&T20&W20&H20 -> SEPTIEMBRESem3939ADOLFO DE JESUS LOPEZ CHAVEZ | F20: =+H20&V20 -> ADOLFO DE JESUS LOPEZ CHAVEZ46291 | H20: ADOLFO DE JESUS LOPEZ CHAVEZ | I20: =+_xlfn.XLOOKUP($H20&$V20,BASEDATOS!$B:$B,BASEDATOS!F:F,0,0,1) -> DESCANSO | J20: =+_xlfn.XLOOKUP($H20&$V20,BASEDATOS!$B:$B,BASEDATOS!Q:Q,0,0,1) -> 0 | K20: =+_xlfn.XLOOKUP($H20&$V20,BASEDATOS!$B:$B,BASEDATOS!R:R,0,0,1) -> 0 | L20: =+IF(OR(J20="Descanso",J20="AUSENTE",J20="ASUETO"),0,MOD(K20-J20,1)) -> 0 | M20: =+IF(OR(I20="DIA",I20="NOCHE",I20="MIXTO"),"1:00",0) -> 0 | N20: =+IF(I20="ASUETO-D",8/24,IF(I20="ASUETO-N",6/24,MOD(L20-M20,1))) -> 0 | O20: =+O21 -> 0-5-2 | P20: =+IF(AND(Y20="Domingo",U20=7),_xlfn.XLOOKUP(O20,'Horarios y Sistemas'!C:C,'Horarios y Sistemas'!H:H,0,0,1),0) -> 0 | Q20: =IF(U20=U21,0,IF(AVERAGEIF(W:W,W20,U:U)=U20,0,_xlfn.XLOOKUP(O20,'Horarios y Sistemas'!C:C,'Horarios y Sistemas'!H:H,0,0,1)-P20))/7*U20 -> 0 | R20: =+IF(Y20="Domingo",SUM(P14:Q20),0) -> 0 | S20: =+UPPER(TEXT(V20,"MMMMMMMM")) -> SEPTIEMBRE | T20: =+"Sem"&W20 -> Sem39 | U20: =+COUNTIF(B:B,B20) -> 7 | V20: 46291 | W20: =+_xlfn.ISOWEEKNUM(V20) -> 39 | X20: =+DAY(V20) -> 26 | Y20: Sábado | Z20: 6 | AA20: =+IF($I20=AA$7,1,0) -> 0 | AB20: =+IF($I20=AB$7,1,0) -> 0 | AC20: =+IF($I20=AC$7,1,0) -> 1 | AD20: =+IF($I20=AD$7,1,0) -> 0 | AE20: =+IF($I20=AE$7,1,0) -> 0
B21: =+T21&W21&H21 -> Sem3939ADOLFO DE JESUS LOPEZ CHAVEZ | C21: =+S21&T21 -> SEPTIEMBRESem39 | D21: =+S21&T21&H21 -> SEPTIEMBRESem39ADOLFO DE JESUS LOPEZ CHAVEZ | E21: =+S21&T21&W21&H21 -> SEPTIEMBRESem3939ADOLFO DE JESUS LOPEZ CHAVEZ | F21: =+H21&V21 -> ADOLFO DE JESUS LOPEZ CHAVEZ46292 | H21: ADOLFO DE JESUS LOPEZ CHAVEZ | I21: =+_xlfn.XLOOKUP($H21&$V21,BASEDATOS!$B:$B,BASEDATOS!F:F,0,0,1) -> DESCANSO | J21: =+_xlfn.XLOOKUP($H21&$V21,BASEDATOS!$B:$B,BASEDATOS!Q:Q,0,0,1) -> 0 | K21: =+_xlfn.XLOOKUP($H21&$V21,BASEDATOS!$B:$B,BASEDATOS!R:R,0,0,1) -> 0 | L21: =+IF(OR(J21="Descanso",J21="AUSENTE",J21="ASUETO"),0,MOD(K21-J21,1)) -> 0 | M21: =+IF(OR(I21="DIA",I21="NOCHE",I21="MIXTO"),"1:00",0) -> 0 | N21: =+IF(I21="ASUETO-D",8/24,IF(I21="ASUETO-N",6/24,MOD(L21-M21,1))) -> 0 | O21: =+IF(Y21="Domingo",SUM(AA15:AA21)&"-"&SUM(AB15:AB21)&"-"&SUM(AC15:AE21),"") -> 0-5-2 | P21: =+IF(AND(Y21="Domingo",U21=7),_xlfn.XLOOKUP(O21,'Horarios y Sistemas'!C:C,'Horarios y Sistemas'!H:H,0,0,1),0) -> 36 | Q21: =IF(U21=U22,0,IF(AVERAGEIF(W:W,W21,U:U)=U21,0,_xlfn.XLOOKUP(O21,'Horarios y Sistemas'!C:C,'Horarios y Sistemas'!H:H,0,0,1)-P21))/7*U21 -> 0 | R21: =+IF(Y21="Domingo",SUM(P15:Q21),0) -> 36 | S21: =+UPPER(TEXT(V21,"MMMMMMMM")) -> SEPTIEMBRE | T21: =+"Sem"&W21 -> Sem39 | U21: =+COUNTIF(B:B,B21) -> 7 | V21: 46292 | W21: =+_xlfn.ISOWEEKNUM(V21) -> 39 | X21: =+DAY(V21) -> 27 | Y21: Domingo | Z21: 7 | AA21: =+IF($I21=AA$7,1,0) -> 0 | AB21: =+IF($I21=AB$7,1,0) -> 0 | AC21: =+IF($I21=AC$7,1,0) -> 1 | AD21: =+IF($I21=AD$7,1,0) -> 0 | AE21: =+IF($I21=AE$7,1,0) -> 0
B22: =+T22&W22&H22 -> Sem4040ADOLFO DE JESUS LOPEZ CHAVEZ | C22: =+S22&T22 -> SEPTIEMBRESem40 | D22: =+S22&T22&H22 -> SEPTIEMBRESem40ADOLFO DE JESUS LOPEZ CHAVEZ | E22: =+S22&T22&W22&H22 -> SEPTIEMBRESem4040ADOLFO DE JESUS LOPEZ CHAVEZ | F22: =+H22&V22 -> ADOLFO DE JESUS LOPEZ CHAVEZ46293 | H22: ADOLFO DE JESUS LOPEZ CHAVEZ | I22: =+_xlfn.XLOOKUP($H22&$V22,BASEDATOS!$B:$B,BASEDATOS!F:F,0,0,1) -> DIA | J22: =+_xlfn.XLOOKUP($H22&$V22,BASEDATOS!$B:$B,BASEDATOS!Q:Q,0,0,1) -> 0.23958333 | K22: =+_xlfn.XLOOKUP($H22&$V22,BASEDATOS!$B:$B,BASEDATOS!R:R,0,0,1) -> 0.75 | L22: =+IF(OR(J22="Descanso",J22="AUSENTE",J22="ASUETO"),0,MOD(K22-J22,1)) -> 0.51041667 | M22: =+IF(OR(I22="DIA",I22="NOCHE",I22="MIXTO"),"1:00",0) -> 1:00 | N22: =+IF(I22="ASUETO-D",8/24,IF(I22="ASUETO-N",6/24,MOD(L22-M22,1))) -> 0.46875 | O22: =+O28 -> 6-0-1 | P22: =+IF(AND(Y22="Domingo",U22=7),_xlfn.XLOOKUP(O22,'Horarios y Sistemas'!C:C,'Horarios y Sistemas'!H:H,0,0,1),0) -> 0 | Q22: =IF(U22=U23,0,IF(AVERAGEIF(W:W,W22,U:U)=U22,0,_xlfn.XLOOKUP(O22,'Horarios y Sistemas'!C:C,'Horarios y Sistemas'!H:H,0,0,1)-P22))/7*U22 -> 0 | R22: =+IF(Y22="Domingo",SUM(P16:Q22),0) -> 0 | S22: =+UPPER(TEXT(V22,"MMMMMMMM")) -> SEPTIEMBRE | T22: =+"Sem"&W22 -> Sem40 | U22: =+COUNTIF(B:B,B22) -> 7 | V22: 46293 | W22: =+_xlfn.ISOWEEKNUM(V22) -> 40 | X22: =+DAY(V22) -> 28 | Y22: Lunes | Z22: 1 | AA22: =+IF($I22=AA$7,1,0) -> 1 | AB22: =+IF($I22=AB$7,1,0) -> 0 | AC22: =+IF($I22=AC$7,1,0) -> 0 | AD22: =+IF($I22=AD$7,1,0) -> 0 | AE22: =+IF($I22=AE$7,1,0) -> 0
B23: =+T23&W23&H23 -> Sem4040ADOLFO DE JESUS LOPEZ CHAVEZ | C23: =+S23&T23 -> SEPTIEMBRESem40 | D23: =+S23&T23&H23 -> SEPTIEMBRESem40ADOLFO DE JESUS LOPEZ CHAVEZ | E23: =+S23&T23&W23&H23 -> SEPTIEMBRESem4040ADOLFO DE JESUS LOPEZ CHAVEZ | F23: =+H23&V23 -> ADOLFO DE JESUS LOPEZ CHAVEZ46294 | H23: ADOLFO DE JESUS LOPEZ CHAVEZ | I23: =+_xlfn.XLOOKUP($H23&$V23,BASEDATOS!$B:$B,BASEDATOS!F:F,0,0,1) -> DIA | J23: =+_xlfn.XLOOKUP($H23&$V23,BASEDATOS!$B:$B,BASEDATOS!Q:Q,0,0,1) -> 0.23958333 | K23: =+_xlfn.XLOOKUP($H23&$V23,BASEDATOS!$B:$B,BASEDATOS!R:R,0,0,1) -> 0.75 | L23: =+IF(OR(J23="Descanso",J23="AUSENTE",J23="ASUETO"),0,MOD(K23-J23,1)) -> 0.51041667 | M23: =+IF(OR(I23="DIA",I23="NOCHE",I23="MIXTO"),"1:00",0) -> 1:00 | N23: =+IF(I23="ASUETO-D",8/24,IF(I23="ASUETO-N",6/24,MOD(L23-M23,1))) -> 0.46875 | O23: =+O28 -> 6-0-1 | P23: =+IF(AND(Y23="Domingo",U23=7),_xlfn.XLOOKUP(O23,'Horarios y Sistemas'!C:C,'Horarios y Sistemas'!H:H,0,0,1),0) -> 0 | Q23: =IF(U23=U24,0,IF(AVERAGEIF(W:W,W23,U:U)=U23,0,_xlfn.XLOOKUP(O23,'Horarios y Sistemas'!C:C,'Horarios y Sistemas'!H:H,0,0,1)-P23))/7*U23 -> 0 | R23: =+IF(Y23="Domingo",SUM(P17:Q23),0) -> 0 | S23: =+UPPER(TEXT(V23,"MMMMMMMM")) -> SEPTIEMBRE | T23: =+"Sem"&W23 -> Sem40 | U23: =+COUNTIF(B:B,B23) -> 7 | V23: 46294 | W23: =+_xlfn.ISOWEEKNUM(V23) -> 40 | X23: =+DAY(V23) -> 29 | Y23: Martes | Z23: 2 | AA23: =+IF($I23=AA$7,1,0) -> 1 | AB23: =+IF($I23=AB$7,1,0) -> 0 | AC23: =+IF($I23=AC$7,1,0) -> 0 | AD23: =+IF($I23=AD$7,1,0) -> 0 | AE23: =+IF($I23=AE$7,1,0) -> 0
B24: =+T24&W24&H24 -> Sem4040ADOLFO DE JESUS LOPEZ CHAVEZ | C24: =+S24&T24 -> SEPTIEMBRESem40 | D24: =+S24&T24&H24 -> SEPTIEMBRESem40ADOLFO DE JESUS LOPEZ CHAVEZ | E24: =+S24&T24&W24&H24 -> SEPTIEMBRESem4040ADOLFO DE JESUS LOPEZ CHAVEZ | F24: =+H24&V24 -> ADOLFO DE JESUS LOPEZ CHAVEZ46295 | H24: ADOLFO DE JESUS LOPEZ CHAVEZ | I24: =+_xlfn.XLOOKUP($H24&$V24,BASEDATOS!$B:$B,BASEDATOS!F:F,0,0,1) -> DIA | J24: =+_xlfn.XLOOKUP($H24&$V24,BASEDATOS!$B:$B,BASEDATOS!Q:Q,0,0,1) -> 0.23958333 | K24: =+_xlfn.XLOOKUP($H24&$V24,BASEDATOS!$B:$B,BASEDATOS!R:R,0,0,1) -> 0.75 | L24: =+IF(OR(J24="Descanso",J24="AUSENTE",J24="ASUETO"),0,MOD(K24-J24,1)) -> 0.51041667 | M24: =+IF(OR(I24="DIA",I24="NOCHE",I24="MIXTO"),"1:00",0) -> 1:00 | N24: =+IF(I24="ASUETO-D",8/24,IF(I24="ASUETO-N",6/24,MOD(L24-M24,1))) -> 0.46875 | O24: =+O28 -> 6-0-1 | P24: =+IF(AND(Y24="Domingo",U24=7),_xlfn.XLOOKUP(O24,'Horarios y Sistemas'!C:C,'Horarios y Sistemas'!H:H,0,0,1),0) -> 0 | Q24: =IF(U24=U25,0,IF(AVERAGEIF(W:W,W24,U:U)=U24,0,_xlfn.XLOOKUP(O24,'Horarios y Sistemas'!C:C,'Horarios y Sistemas'!H:H,0,0,1)-P24))/7*U24 -> 0 | R24: =+IF(Y24="Domingo",SUM(P18:Q24),0) -> 0 | S24: =+UPPER(TEXT(V24,"MMMMMMMM")) -> SEPTIEMBRE | T24: =+"Sem"&W24 -> Sem40 | U24: =+COUNTIF(B:B,B24) -> 7 | V24: 46295 | W24: =+_xlfn.ISOWEEKNUM(V24) -> 40 | X24: =+DAY(V24) -> 30 | Y24: Miércoles | Z24: 3 | AA24: =+IF($I24=AA$7,1,0) -> 1 | AB24: =+IF($I24=AB$7,1,0) -> 0 | AC24: =+IF($I24=AC$7,1,0) -> 0 | AD24: =+IF($I24=AD$7,1,0) -> 0 | AE24: =+IF($I24=AE$7,1,0) -> 0
B25: =+T25&W25&H25 -> Sem4040ADOLFO DE JESUS LOPEZ CHAVEZ | C25: =+S25&T25 -> OCTUBRESem40 | D25: =+S25&T25&H25 -> OCTUBRESem40ADOLFO DE JESUS LOPEZ CHAVEZ | E25: =+S25&T25&W25&H25 -> OCTUBRESem4040ADOLFO DE JESUS LOPEZ CHAVEZ | F25: =+H25&V25 -> ADOLFO DE JESUS LOPEZ CHAVEZ46296 | H25: ADOLFO DE JESUS LOPEZ CHAVEZ | I25: =+_xlfn.XLOOKUP($H25&$V25,BASEDATOS!$B:$B,BASEDATOS!F:F,0,0,1) -> DIA | J25: =+_xlfn.XLOOKUP($H25&$V25,BASEDATOS!$B:$B,BASEDATOS!Q:Q,0,0,1) -> 0.23958333 | K25: =+_xlfn.XLOOKUP($H25&$V25,BASEDATOS!$B:$B,BASEDATOS!R:R,0,0,1) -> 0.75 | L25: =+IF(OR(J25="Descanso",J25="AUSENTE",J25="ASUETO"),0,MOD(K25-J25,1)) -> 0.51041667 | M25: =+IF(OR(I25="DIA",I25="NOCHE",I25="MIXTO"),"1:00",0) -> 1:00 | N25: =+IF(I25="ASUETO-D",8/24,IF(I25="ASUETO-N",6/24,MOD(L25-M25,1))) -> 0.46875 | O25: =+O28 -> 6-0-1 | P25: =+IF(AND(Y25="Domingo",U25=7),_xlfn.XLOOKUP(O25,'Horarios y Sistemas'!C:C,'Horarios y Sistemas'!H:H,0,0,1),0) -> 0 | Q25: =IF(U25=U26,0,IF(AVERAGEIF(W:W,W25,U:U)=U25,0,_xlfn.XLOOKUP(O25,'Horarios y Sistemas'!C:C,'Horarios y Sistemas'!H:H,0,0,1)-P25))/7*U25 -> 0 | R25: =+IF(Y25="Domingo",SUM(P19:Q25),0) -> 0 | S25: =+UPPER(TEXT(V25,"MMMMMMMM")) -> OCTUBRE | T25: =+"Sem"&W25 -> Sem40 | U25: =+COUNTIF(B:B,B25) -> 7 | V25: 46296 | W25: =+_xlfn.ISOWEEKNUM(V25) -> 40 | X25: =+DAY(V25) -> 1 | Y25: Jueves | Z25: 4 | AA25: =+IF($I25=AA$7,1,0) -> 1 | AB25: =+IF($I25=AB$7,1,0) -> 0 | AC25: =+IF($I25=AC$7,1,0) -> 0 | AD25: =+IF($I25=AD$7,1,0) -> 0 | AE25: =+IF($I25=AE$7,1,0) -> 0
B26: =+T26&W26&H26 -> Sem4040ADOLFO DE JESUS LOPEZ CHAVEZ | C26: =+S26&T26 -> OCTUBRESem40 | D26: =+S26&T26&H26 -> OCTUBRESem40ADOLFO DE JESUS LOPEZ CHAVEZ | E26: =+S26&T26&W26&H26 -> OCTUBRESem4040ADOLFO DE JESUS LOPEZ CHAVEZ | F26: =+H26&V26 -> ADOLFO DE JESUS LOPEZ CHAVEZ46297 | H26: ADOLFO DE JESUS LOPEZ CHAVEZ | I26: =+_xlfn.XLOOKUP($H26&$V26,BASEDATOS!$B:$B,BASEDATOS!F:F,0,0,1) -> DIA | J26: =+_xlfn.XLOOKUP($H26&$V26,BASEDATOS!$B:$B,BASEDATOS!Q:Q,0,0,1) -> 0.23958333 | K26: =+_xlfn.XLOOKUP($H26&$V26,BASEDATOS!$B:$B,BASEDATOS!R:R,0,0,1) -> 0.75 | L26: =+IF(OR(J26="Descanso",J26="AUSENTE",J26="ASUETO"),0,MOD(K26-J26,1)) -> 0.51041667 | M26: =+IF(OR(I26="DIA",I26="NOCHE",I26="MIXTO"),"1:00",0) -> 1:00 | N26: =+IF(I26="ASUETO-D",8/24,IF(I26="ASUETO-N",6/24,MOD(L26-M26,1))) -> 0.46875 | O26: =+O28 -> 6-0-1 | P26: =+IF(AND(Y26="Domingo",U26=7),_xlfn.XLOOKUP(O26,'Horarios y Sistemas'!C:C,'Horarios y Sistemas'!H:H,0,0,1),0) -> 0 | Q26: =IF(U26=U27,0,IF(AVERAGEIF(W:W,W26,U:U)=U26,0,_xlfn.XLOOKUP(O26,'Horarios y Sistemas'!C:C,'Horarios y Sistemas'!H:H,0,0,1)-P26))/7*U26 -> 0 | R26: =+IF(Y26="Domingo",SUM(P20:Q26),0) -> 0 | S26: =+UPPER(TEXT(V26,"MMMMMMMM")) -> OCTUBRE | T26: =+"Sem"&W26 -> Sem40 | U26: =+COUNTIF(B:B,B26) -> 7 | V26: 46297 | W26: =+_xlfn.ISOWEEKNUM(V26) -> 40 | X26: =+DAY(V26) -> 2 | Y26: Viernes | Z26: 5 | AA26: =+IF($I26=AA$7,1,0) -> 1 | AB26: =+IF($I26=AB$7,1,0) -> 0 | AC26: =+IF($I26=AC$7,1,0) -> 0 | AD26: =+IF($I26=AD$7,1,0) -> 0 | AE26: =+IF($I26=AE$7,1,0) -> 0
B27: =+T27&W27&H27 -> Sem4040ADOLFO DE JESUS LOPEZ CHAVEZ | C27: =+S27&T27 -> OCTUBRESem40 | D27: =+S27&T27&H27 -> OCTUBRESem40ADOLFO DE JESUS LOPEZ CHAVEZ | E27: =+S27&T27&W27&H27 -> OCTUBRESem4040ADOLFO DE JESUS LOPEZ CHAVEZ | F27: =+H27&V27 -> ADOLFO DE JESUS LOPEZ CHAVEZ46298 | H27: ADOLFO DE JESUS LOPEZ CHAVEZ | I27: =+_xlfn.XLOOKUP($H27&$V27,BASEDATOS!$B:$B,BASEDATOS!F:F,0,0,1) -> DIA | J27: =+_xlfn.XLOOKUP($H27&$V27,BASEDATOS!$B:$B,BASEDATOS!Q:Q,0,0,1) -> 0.23958333 | K27: =+_xlfn.XLOOKUP($H27&$V27,BASEDATOS!$B:$B,BASEDATOS!R:R,0,0,1) -> 0.58333333 | L27: =+IF(OR(J27="Descanso",J27="AUSENTE",J27="ASUETO"),0,MOD(K27-J27,1)) -> 0.34375 | M27: =+IF(OR(I27="DIA",I27="NOCHE",I27="MIXTO"),"1:00",0) -> 1:00 | N27: =+IF(I27="ASUETO-D",8/24,IF(I27="ASUETO-N",6/24,MOD(L27-M27,1))) -> 0.30208333 | O27: =+O28 -> 6-0-1 | P27: =+IF(AND(Y27="Domingo",U27=7),_xlfn.XLOOKUP(O27,'Horarios y Sistemas'!C:C,'Horarios y Sistemas'!H:H,0,0,1),0) -> 0 | Q27: =IF(U27=U28,0,IF(AVERAGEIF(W:W,W27,U:U)=U27,0,_xlfn.XLOOKUP(O27,'Horarios y Sistemas'!C:C,'Horarios y Sistemas'!H:H,0,0,1)-P27))/7*U27 -> 0 | R27: =+IF(Y27="Domingo",SUM(P21:Q27),0) -> 0 | S27: =+UPPER(TEXT(V27,"MMMMMMMM")) -> OCTUBRE | T27: =+"Sem"&W27 -> Sem40 | U27: =+COUNTIF(B:B,B27) -> 7 | V27: 46298 | W27: =+_xlfn.ISOWEEKNUM(V27) -> 40 | X27: =+DAY(V27) -> 3 | Y27: Sábado | Z27: 6 | AA27: =+IF($I27=AA$7,1,0) -> 1 | AB27: =+IF($I27=AB$7,1,0) -> 0 | AC27: =+IF($I27=AC$7,1,0) -> 0 | AD27: =+IF($I27=AD$7,1,0) -> 0 | AE27: =+IF($I27=AE$7,1,0) -> 0
B28: =+T28&W28&H28 -> Sem4040ADOLFO DE JESUS LOPEZ CHAVEZ | C28: =+S28&T28 -> OCTUBRESem40 | D28: =+S28&T28&H28 -> OCTUBRESem40ADOLFO DE JESUS LOPEZ CHAVEZ | E28: =+S28&T28&W28&H28 -> OCTUBRESem4040ADOLFO DE JESUS LOPEZ CHAVEZ | F28: =+H28&V28 -> ADOLFO DE JESUS LOPEZ CHAVEZ46299 | H28: ADOLFO DE JESUS LOPEZ CHAVEZ | I28: =+_xlfn.XLOOKUP($H28&$V28,BASEDATOS!$B:$B,BASEDATOS!F:F,0,0,1) -> DESCANSO | J28: =+_xlfn.XLOOKUP($H28&$V28,BASEDATOS!$B:$B,BASEDATOS!Q:Q,0,0,1) -> 0 | K28: =+_xlfn.XLOOKUP($H28&$V28,BASEDATOS!$B:$B,BASEDATOS!R:R,0,0,1) -> 0 | L28: =+IF(OR(J28="Descanso",J28="AUSENTE",J28="ASUETO"),0,MOD(K28-J28,1)) -> 0 | M28: =+IF(OR(I28="DIA",I28="NOCHE",I28="MIXTO"),"1:00",0) -> 0 | N28: =+IF(I28="ASUETO-D",8/24,IF(I28="ASUETO-N",6/24,MOD(L28-M28,1))) -> 0 | O28: =+IF(Y28="Domingo",SUM(AA22:AA28)&"-"&SUM(AB22:AB28)&"-"&SUM(AC22:AE28),"") -> 6-0-1 | P28: =+IF(AND(Y28="Domingo",U28=7),_xlfn.XLOOKUP(O28,'Horarios y Sistemas'!C:C,'Horarios y Sistemas'!H:H,0,0,1),0) -> 44 | Q28: =IF(U28=U29,0,IF(AVERAGEIF(W:W,W28,U:U)=U28,0,_xlfn.XLOOKUP(O28,'Horarios y Sistemas'!C:C,'Horarios y Sistemas'!H:H,0,0,1)-P28))/7*U28 -> 0 | R28: =+IF(Y28="Domingo",SUM(P22:Q28),0) -> 44 | S28: =+UPPER(TEXT(V28,"MMMMMMMM")) -> OCTUBRE | T28: =+"Sem"&W28 -> Sem40 | U28: =+COUNTIF(B:B,B28) -> 7 | V28: 46299 | W28: =+_xlfn.ISOWEEKNUM(V28) -> 40 | X28: =+DAY(V28) -> 4 | Y28: Domingo | Z28: 7 | AA28: =+IF($I28=AA$7,1,0) -> 0 | AB28: =+IF($I28=AB$7,1,0) -> 0 | AC28: =+IF($I28=AC$7,1,0) -> 1 | AD28: =+IF($I28=AD$7,1,0) -> 0 | AE28: =+IF($I28=AE$7,1,0) -> 0
B29: =+T29&W29&H29 -> Sem3838AMILCAR EDELBERTO LOPEZ AROCHE | C29: =+S29&T29 -> SEPTIEMBRESem38 | D29: =+S29&T29&H29 -> SEPTIEMBRESem38AMILCAR EDELBERTO LOPEZ AROCHE | E29: =+S29&T29&W29&H29 -> SEPTIEMBRESem3838AMILCAR EDELBERTO LOPEZ AROCHE | F29: =+H29&V29 -> AMILCAR EDELBERTO LOPEZ AROCHE46279 | H29: AMILCAR EDELBERTO LOPEZ AROCHE | I29: =+_xlfn.XLOOKUP($H29&$V29,BASEDATOS!$B:$B,BASEDATOS!F:F,0,0,1) -> DESCANSO | J29: =+_xlfn.XLOOKUP($H29&$V29,BASEDATOS!$B:$B,BASEDATOS!Q:Q,0,0,1) -> 0 | K29: =+_xlfn.XLOOKUP($H29&$V29,BASEDATOS!$B:$B,BASEDATOS!R:R,0,0,1) -> 0 | L29: =+IF(OR(J29="Descanso",J29="AUSENTE",J29="ASUETO"),0,MOD(K29-J29,1)) -> 0 | M29: =+IF(OR(I29="DIA",I29="NOCHE",I29="MIXTO"),"1:00",0) -> 0 | N29: =+IF(I29="ASUETO-D",8/24,IF(I29="ASUETO-N",6/24,MOD(L29-M29,1))) -> 0 | O29: =+O35 -> 1-3-3 | P29: =+IF(AND(Y29="Domingo",U29=7),_xlfn.XLOOKUP(O29,'Horarios y Sistemas'!C:C,'Horarios y Sistemas'!H:H,0,0,1),0) -> 0 | Q29: =IF(U29=U30,0,IF(AVERAGEIF(W:W,W29,U:U)=U29,0,_xlfn.XLOOKUP(O29,'Horarios y Sistemas'!C:C,'Horarios y Sistemas'!H:H,0,0,1)-P29))/7*U29 -> 0 | R29: =+IF(Y29="Domingo",SUM(P23:Q29),0) -> 0 | S29: =+UPPER(TEXT(V29,"MMMMMMMM")) -> SEPTIEMBRE | T29: =+"Sem"&W29 -> Sem38 | U29: =+COUNTIF(B:B,B29) -> 7 | V29: 46279 | W29: =+_xlfn.ISOWEEKNUM(V29) -> 38 | X29: =+DAY(V29) -> 14 | Y29: Lunes | Z29: 1 | AA29: =+IF($I29=AA$7,1,0) -> 0 | AB29: =+IF($I29=AB$7,1,0) -> 0 | AC29: =+IF($I29=AC$7,1,0) -> 1 | AD29: =+IF($I29=AD$7,1,0) -> 0 | AE29: =+IF($I29=AE$7,1,0) -> 0
B30: =+T30&W30&H30 -> Sem3838AMILCAR EDELBERTO LOPEZ AROCHE | C30: =+S30&T30 -> SEPTIEMBRESem38 | D30: =+S30&T30&H30 -> SEPTIEMBRESem38AMILCAR EDELBERTO LOPEZ AROCHE | E30: =+S30&T30&W30&H30 -> SEPTIEMBRESem3838AMILCAR EDELBERTO LOPEZ AROCHE | F30: =+H30&V30 -> AMILCAR EDELBERTO LOPEZ AROCHE46280 | H30: AMILCAR EDELBERTO LOPEZ AROCHE | I30: =+_xlfn.XLOOKUP($H30&$V30,BASEDATOS!$B:$B,BASEDATOS!F:F,0,0,1) -> DIA | J30: =+_xlfn.XLOOKUP($H30&$V30,BASEDATOS!$B:$B,BASEDATOS!Q:Q,0,0,1) -> 0.33333333 | K30: =+_xlfn.XLOOKUP($H30&$V30,BASEDATOS!$B:$B,BASEDATOS!R:R,0,0,1) -> 0.70833333 | L30: =+IF(OR(J30="Descanso",J30="AUSENTE",J30="ASUETO"),0,MOD(K30-J30,1)) -> 0.375 | M30: =+IF(OR(I30="DIA",I30="NOCHE",I30="MIXTO"),"1:00",0) -> 1:00 | N30: =+IF(I30="ASUETO-D",8/24,IF(I30="ASUETO-N",6/24,MOD(L30-M30,1))) -> 0.33333333 | O30: =+O35 -> 1-3-3 | P30: =+IF(AND(Y30="Domingo",U30=7),_xlfn.XLOOKUP(O30,'Horarios y Sistemas'!C:C,'Horarios y Sistemas'!H:H,0,0,1),0) -> 0 | Q30: =IF(U30=U31,0,IF(AVERAGEIF(W:W,W30,U:U)=U30,0,_xlfn.XLOOKUP(O30,'Horarios y Sistemas'!C:C,'Horarios y Sistemas'!H:H,0,0,1)-P30))/7*U30 -> 0 | R30: =+IF(Y30="Domingo",SUM(P24:Q30),0) -> 0 | S30: =+UPPER(TEXT(V30,"MMMMMMMM")) -> SEPTIEMBRE | T30: =+"Sem"&W30 -> Sem38 | U30: =+COUNTIF(B:B,B30) -> 7 | V30: 46280 | W30: =+_xlfn.ISOWEEKNUM(V30) -> 38 | X30: =+DAY(V30) -> 15 | Y30: Martes | Z30: 2 | AA30: =+IF($I30=AA$7,1,0) -> 1 | AB30: =+IF($I30=AB$7,1,0) -> 0 | AC30: =+IF($I30=AC$7,1,0) -> 0 | AD30: =+IF($I30=AD$7,1,0) -> 0 | AE30: =+IF($I30=AE$7,1,0) -> 0
B31: =+T31&W31&H31 -> Sem3838AMILCAR EDELBERTO LOPEZ AROCHE | C31: =+S31&T31 -> SEPTIEMBRESem38 | D31: =+S31&T31&H31 -> SEPTIEMBRESem38AMILCAR EDELBERTO LOPEZ AROCHE | E31: =+S31&T31&W31&H31 -> SEPTIEMBRESem3838AMILCAR EDELBERTO LOPEZ AROCHE | F31: =+H31&V31 -> AMILCAR EDELBERTO LOPEZ AROCHE46281 | H31: AMILCAR EDELBERTO LOPEZ AROCHE | I31: =+_xlfn.XLOOKUP($H31&$V31,BASEDATOS!$B:$B,BASEDATOS!F:F,0,0,1) -> NOCHE | J31: =+_xlfn.XLOOKUP($H31&$V31,BASEDATOS!$B:$B,BASEDATOS!Q:Q,0,0,1) -> 0.75 | K31: =+_xlfn.XLOOKUP($H31&$V31,BASEDATOS!$B:$B,BASEDATOS!R:R,0,0,1) -> 0.25 | L31: =+IF(OR(J31="Descanso",J31="AUSENTE",J31="ASUETO"),0,MOD(K31-J31,1)) -> 0.5 | M31: =+IF(OR(I31="DIA",I31="NOCHE",I31="MIXTO"),"1:00",0) -> 1:00 | N31: =+IF(I31="ASUETO-D",8/24,IF(I31="ASUETO-N",6/24,MOD(L31-M31,1))) -> 0.45833333 | O31: =+O35 -> 1-3-3 | P31: =+IF(AND(Y31="Domingo",U31=7),_xlfn.XLOOKUP(O31,'Horarios y Sistemas'!C:C,'Horarios y Sistemas'!H:H,0,0,1),0) -> 0 | Q31: =IF(U31=U32,0,IF(AVERAGEIF(W:W,W31,U:U)=U31,0,_xlfn.XLOOKUP(O31,'Horarios y Sistemas'!C:C,'Horarios y Sistemas'!H:H,0,0,1)-P31))/7*U31 -> 0 | R31: =+IF(Y31="Domingo",SUM(P25:Q31),0) -> 0 | S31: =+UPPER(TEXT(V31,"MMMMMMMM")) -> SEPTIEMBRE | T31: =+"Sem"&W31 -> Sem38 | U31: =+COUNTIF(B:B,B31) -> 7 | V31: 46281 | W31: =+_xlfn.ISOWEEKNUM(V31) -> 38 | X31: =+DAY(V31) -> 16 | Y31: Miércoles | Z31: 3 | AA31: =+IF($I31=AA$7,1,0) -> 0 | AB31: =+IF($I31=AB$7,1,0) -> 1 | AC31: =+IF($I31=AC$7,1,0) -> 0 | AD31: =+IF($I31=AD$7,1,0) -> 0 | AE31: =+IF($I31=AE$7,1,0) -> 0
B32: =+T32&W32&H32 -> Sem3838AMILCAR EDELBERTO LOPEZ AROCHE | C32: =+S32&T32 -> SEPTIEMBRESem38 | D32: =+S32&T32&H32 -> SEPTIEMBRESem38AMILCAR EDELBERTO LOPEZ AROCHE | E32: =+S32&T32&W32&H32 -> SEPTIEMBRESem3838AMILCAR EDELBERTO LOPEZ AROCHE | F32: =+H32&V32 -> AMILCAR EDELBERTO LOPEZ AROCHE46282 | H32: AMILCAR EDELBERTO LOPEZ AROCHE | I32: =+_xlfn.XLOOKUP($H32&$V32,BASEDATOS!$B:$B,BASEDATOS!F:F,0,0,1) -> NOCHE | J32: =+_xlfn.XLOOKUP($H32&$V32,BASEDATOS!$B:$B,BASEDATOS!Q:Q,0,0,1) -> 0.75 | K32: =+_xlfn.XLOOKUP($H32&$V32,BASEDATOS!$B:$B,BASEDATOS!R:R,0,0,1) -> 0.25 | L32: =+IF(OR(J32="Descanso",J32="AUSENTE",J32="ASUETO"),0,MOD(K32-J32,1)) -> 0.5 | M32: =+IF(OR(I32="DIA",I32="NOCHE",I32="MIXTO"),"1:00",0) -> 1:00 | N32: =+IF(I32="ASUETO-D",8/24,IF(I32="ASUETO-N",6/24,MOD(L32-M32,1))) -> 0.45833333 | O32: =+O35 -> 1-3-3 | P32: =+IF(AND(Y32="Domingo",U32=7),_xlfn.XLOOKUP(O32,'Horarios y Sistemas'!C:C,'Horarios y Sistemas'!H:H,0,0,1),0) -> 0 | Q32: =IF(U32=U33,0,IF(AVERAGEIF(W:W,W32,U:U)=U32,0,_xlfn.XLOOKUP(O32,'Horarios y Sistemas'!C:C,'Horarios y Sistemas'!H:H,0,0,1)-P32))/7*U32 -> 0 | R32: =+IF(Y32="Domingo",SUM(P26:Q32),0) -> 0 | S32: =+UPPER(TEXT(V32,"MMMMMMMM")) -> SEPTIEMBRE | T32: =+"Sem"&W32 -> Sem38 | U32: =+COUNTIF(B:B,B32) -> 7 | V32: 46282 | W32: =+_xlfn.ISOWEEKNUM(V32) -> 38 | X32: =+DAY(V32) -> 17 | Y32: Jueves | Z32: 4 | AA32: =+IF($I32=AA$7,1,0) -> 0 | AB32: =+IF($I32=AB$7,1,0) -> 1 | AC32: =+IF($I32=AC$7,1,0) -> 0 | AD32: =+IF($I32=AD$7,1,0) -> 0 | AE32: =+IF($I32=AE$7,1,0) -> 0
B33: =+T33&W33&H33 -> Sem3838AMILCAR EDELBERTO LOPEZ AROCHE | C33: =+S33&T33 -> SEPTIEMBRESem38 | D33: =+S33&T33&H33 -> SEPTIEMBRESem38AMILCAR EDELBERTO LOPEZ AROCHE | E33: =+S33&T33&W33&H33 -> SEPTIEMBRESem3838AMILCAR EDELBERTO LOPEZ AROCHE | F33: =+H33&V33 -> AMILCAR EDELBERTO LOPEZ AROCHE46283 | H33: AMILCAR EDELBERTO LOPEZ AROCHE | I33: =+_xlfn.XLOOKUP($H33&$V33,BASEDATOS!$B:$B,BASEDATOS!F:F,0,0,1) -> NOCHE | J33: =+_xlfn.XLOOKUP($H33&$V33,BASEDATOS!$B:$B,BASEDATOS!Q:Q,0,0,1) -> 0.75 | K33: =+_xlfn.XLOOKUP($H33&$V33,BASEDATOS!$B:$B,BASEDATOS!R:R,0,0,1) -> 0.25 | L33: =+IF(OR(J33="Descanso",J33="AUSENTE",J33="ASUETO"),0,MOD(K33-J33,1)) -> 0.5 | M33: =+IF(OR(I33="DIA",I33="NOCHE",I33="MIXTO"),"1:00",0) -> 1:00 | N33: =+IF(I33="ASUETO-D",8/24,IF(I33="ASUETO-N",6/24,MOD(L33-M33,1))) -> 0.45833333 | O33: =+O35 -> 1-3-3 | P33: =+IF(AND(Y33="Domingo",U33=7),_xlfn.XLOOKUP(O33,'Horarios y Sistemas'!C:C,'Horarios y Sistemas'!H:H,0,0,1),0) -> 0 | Q33: =IF(U33=U34,0,IF(AVERAGEIF(W:W,W33,U:U)=U33,0,_xlfn.XLOOKUP(O33,'Horarios y Sistemas'!C:C,'Horarios y Sistemas'!H:H,0,0,1)-P33))/7*U33 -> 0 | R33: =+IF(Y33="Domingo",SUM(P27:Q33),0) -> 0 | S33: =+UPPER(TEXT(V33,"MMMMMMMM")) -> SEPTIEMBRE | T33: =+"Sem"&W33 -> Sem38 | U33: =+COUNTIF(B:B,B33) -> 7 | V33: 46283 | W33: =+_xlfn.ISOWEEKNUM(V33) -> 38 | X33: =+DAY(V33) -> 18 | Y33: Viernes | Z33: 5 | AA33: =+IF($I33=AA$7,1,0) -> 0 | AB33: =+IF($I33=AB$7,1,0) -> 1 | AC33: =+IF($I33=AC$7,1,0) -> 0 | AD33: =+IF($I33=AD$7,1,0) -> 0 | AE33: =+IF($I33=AE$7,1,0) -> 0
B34: =+T34&W34&H34 -> Sem3838AMILCAR EDELBERTO LOPEZ AROCHE | C34: =+S34&T34 -> SEPTIEMBRESem38 | D34: =+S34&T34&H34 -> SEPTIEMBRESem38AMILCAR EDELBERTO LOPEZ AROCHE | E34: =+S34&T34&W34&H34 -> SEPTIEMBRESem3838AMILCAR EDELBERTO LOPEZ AROCHE | F34: =+H34&V34 -> AMILCAR EDELBERTO LOPEZ AROCHE46284 | H34: AMILCAR EDELBERTO LOPEZ AROCHE | I34: =+_xlfn.XLOOKUP($H34&$V34,BASEDATOS!$B:$B,BASEDATOS!F:F,0,0,1) -> DESCANSO | J34: =+_xlfn.XLOOKUP($H34&$V34,BASEDATOS!$B:$B,BASEDATOS!Q:Q,0,0,1) -> 0 | K34: =+_xlfn.XLOOKUP($H34&$V34,BASEDATOS!$B:$B,BASEDATOS!R:R,0,0,1) -> 0 | L34: =+IF(OR(J34="Descanso",J34="AUSENTE",J34="ASUETO"),0,MOD(K34-J34,1)) -> 0 | M34: =+IF(OR(I34="DIA",I34="NOCHE",I34="MIXTO"),"1:00",0) -> 0 | N34: =+IF(I34="ASUETO-D",8/24,IF(I34="ASUETO-N",6/24,MOD(L34-M34,1))) -> 0 | O34: =+O35 -> 1-3-3 | P34: =+IF(AND(Y34="Domingo",U34=7),_xlfn.XLOOKUP(O34,'Horarios y Sistemas'!C:C,'Horarios y Sistemas'!H:H,0,0,1),0) -> 0 | Q34: =IF(U34=U35,0,IF(AVERAGEIF(W:W,W34,U:U)=U34,0,_xlfn.XLOOKUP(O34,'Horarios y Sistemas'!C:C,'Horarios y Sistemas'!H:H,0,0,1)-P34))/7*U34 -> 0 | R34: =+IF(Y34="Domingo",SUM(P28:Q34),0) -> 0 | S34: =+UPPER(TEXT(V34,"MMMMMMMM")) -> SEPTIEMBRE | T34: =+"Sem"&W34 -> Sem38 | U34: =+COUNTIF(B:B,B34) -> 7 | V34: 46284 | W34: =+_xlfn.ISOWEEKNUM(V34) -> 38 | X34: =+DAY(V34) -> 19 | Y34: Sábado | Z34: 6 | AA34: =+IF($I34=AA$7,1,0) -> 0 | AB34: =+IF($I34=AB$7,1,0) -> 0 | AC34: =+IF($I34=AC$7,1,0) -> 1 | AD34: =+IF($I34=AD$7,1,0) -> 0 | AE34: =+IF($I34=AE$7,1,0) -> 0
B35: =+T35&W35&H35 -> Sem3838AMILCAR EDELBERTO LOPEZ AROCHE | C35: =+S35&T35 -> SEPTIEMBRESem38 | D35: =+S35&T35&H35 -> SEPTIEMBRESem38AMILCAR EDELBERTO LOPEZ AROCHE | E35: =+S35&T35&W35&H35 -> SEPTIEMBRESem3838AMILCAR EDELBERTO LOPEZ AROCHE | F35: =+H35&V35 -> AMILCAR EDELBERTO LOPEZ AROCHE46285 | H35: AMILCAR EDELBERTO LOPEZ AROCHE | I35: =+_xlfn.XLOOKUP($H35&$V35,BASEDATOS!$B:$B,BASEDATOS!F:F,0,0,1) -> DESCANSO | J35: =+_xlfn.XLOOKUP($H35&$V35,BASEDATOS!$B:$B,BASEDATOS!Q:Q,0,0,1) -> 0 | K35: =+_xlfn.XLOOKUP($H35&$V35,BASEDATOS!$B:$B,BASEDATOS!R:R,0,0,1) -> 0 | L35: =+IF(OR(J35="Descanso",J35="AUSENTE",J35="ASUETO"),0,MOD(K35-J35,1)) -> 0 | M35: =+IF(OR(I35="DIA",I35="NOCHE",I35="MIXTO"),"1:00",0) -> 0 | N35: =+IF(I35="ASUETO-D",8/24,IF(I35="ASUETO-N",6/24,MOD(L35-M35,1))) -> 0 | O35: =+IF(Y35="Domingo",SUM(AA29:AA35)&"-"&SUM(AB29:AB35)&"-"&SUM(AC29:AE35),"") -> 1-3-3 | P35: =+IF(AND(Y35="Domingo",U35=7),_xlfn.XLOOKUP(O35,'Horarios y Sistemas'!C:C,'Horarios y Sistemas'!H:H,0,0,1),0) -> 38 | Q35: =IF(U35=U36,0,IF(AVERAGEIF(W:W,W35,U:U)=U35,0,_xlfn.XLOOKUP(O35,'Horarios y Sistemas'!C:C,'Horarios y Sistemas'!H:H,0,0,1)-P35))/7*U35 -> 0 | R35: =+IF(Y35="Domingo",SUM(P29:Q35),0) -> 38 | S35: =+UPPER(TEXT(V35,"MMMMMMMM")) -> SEPTIEMBRE | T35: =+"Sem"&W35 -> Sem38 | U35: =+COUNTIF(B:B,B35) -> 7 | V35: 46285 | W35: =+_xlfn.ISOWEEKNUM(V35) -> 38 | X35: =+DAY(V35) -> 20 | Y35: Domingo | Z35: 7 | AA35: =+IF($I35=AA$7,1,0) -> 0 | AB35: =+IF($I35=AB$7,1,0) -> 0 | AC35: =+IF($I35=AC$7,1,0) -> 1 | AD35: =+IF($I35=AD$7,1,0) -> 0 | AE35: =+IF($I35=AE$7,1,0) -> 0
B36: =+T36&W36&H36 -> Sem3939AMILCAR EDELBERTO LOPEZ AROCHE | C36: =+S36&T36 -> SEPTIEMBRESem39 | D36: =+S36&T36&H36 -> SEPTIEMBRESem39AMILCAR EDELBERTO LOPEZ AROCHE | E36: =+S36&T36&W36&H36 -> SEPTIEMBRESem3939AMILCAR EDELBERTO LOPEZ AROCHE | F36: =+H36&V36 -> AMILCAR EDELBERTO LOPEZ AROCHE46286 | H36: AMILCAR EDELBERTO LOPEZ AROCHE | I36: =+_xlfn.XLOOKUP($H36&$V36,BASEDATOS!$B:$B,BASEDATOS!F:F,0,0,1) -> DIA | J36: =+_xlfn.XLOOKUP($H36&$V36,BASEDATOS!$B:$B,BASEDATOS!Q:Q,0,0,1) -> 0.25 | K36: =+_xlfn.XLOOKUP($H36&$V36,BASEDATOS!$B:$B,BASEDATOS!R:R,0,0,1) -> 0.75 | L36: =+IF(OR(J36="Descanso",J36="AUSENTE",J36="ASUETO"),0,MOD(K36-J36,1)) -> 0.5 | M36: =+IF(OR(I36="DIA",I36="NOCHE",I36="MIXTO"),"1:00",0) -> 1:00 | N36: =+IF(I36="ASUETO-D",8/24,IF(I36="ASUETO-N",6/24,MOD(L36-M36,1))) -> 0.45833333 | O36: =+O42 -> 6-0-1 | P36: =+IF(AND(Y36="Domingo",U36=7),_xlfn.XLOOKUP(O36,'Horarios y Sistemas'!C:C,'Horarios y Sistemas'!H:H,0,0,1),0) -> 0 | Q36: =IF(U36=U37,0,IF(AVERAGEIF(W:W,W36,U:U)=U36,0,_xlfn.XLOOKUP(O36,'Horarios y Sistemas'!C:C,'Horarios y Sistemas'!H:H,0,0,1)-P36))/7*U36 -> 0 | R36: =+IF(Y36="Domingo",SUM(P30:Q36),0) -> 0 | S36: =+UPPER(TEXT(V36,"MMMMMMMM")) -> SEPTIEMBRE | T36: =+"Sem"&W36 -> Sem39 | U36: =+COUNTIF(B:B,B36) -> 7 | V36: 46286 | W36: =+_xlfn.ISOWEEKNUM(V36) -> 39 | X36: =+DAY(V36) -> 21 | Y36: Lunes | Z36: 1 | AA36: =+IF($I36=AA$7,1,0) -> 1 | AB36: =+IF($I36=AB$7,1,0) -> 0 | AC36: =+IF($I36=AC$7,1,0) -> 0 | AD36: =+IF($I36=AD$7,1,0) -> 0 | AE36: =+IF($I36=AE$7,1,0) -> 0
B37: =+T37&W37&H37 -> Sem3939AMILCAR EDELBERTO LOPEZ AROCHE | C37: =+S37&T37 -> SEPTIEMBRESem39 | D37: =+S37&T37&H37 -> SEPTIEMBRESem39AMILCAR EDELBERTO LOPEZ AROCHE | E37: =+S37&T37&W37&H37 -> SEPTIEMBRESem3939AMILCAR EDELBERTO LOPEZ AROCHE | F37: =+H37&V37 -> AMILCAR EDELBERTO LOPEZ AROCHE46287 | H37: AMILCAR EDELBERTO LOPEZ AROCHE | I37: =+_xlfn.XLOOKUP($H37&$V37,BASEDATOS!$B:$B,BASEDATOS!F:F,0,0,1) -> DIA | J37: =+_xlfn.XLOOKUP($H37&$V37,BASEDATOS!$B:$B,BASEDATOS!Q:Q,0,0,1) -> 0.25 | K37: =+_xlfn.XLOOKUP($H37&$V37,BASEDATOS!$B:$B,BASEDATOS!R:R,0,0,1) -> 0.75 | L37: =+IF(OR(J37="Descanso",J37="AUSENTE",J37="ASUETO"),0,MOD(K37-J37,1)) -> 0.5 | M37: =+IF(OR(I37="DIA",I37="NOCHE",I37="MIXTO"),"1:00",0) -> 1:00 | N37: =+IF(I37="ASUETO-D",8/24,IF(I37="ASUETO-N",6/24,MOD(L37-M37,1))) -> 0.45833333 | O37: =+O42 -> 6-0-1 | P37: =+IF(AND(Y37="Domingo",U37=7),_xlfn.XLOOKUP(O37,'Horarios y Sistemas'!C:C,'Horarios y Sistemas'!H:H,0,0,1),0) -> 0 | Q37: =IF(U37=U38,0,IF(AVERAGEIF(W:W,W37,U:U)=U37,0,_xlfn.XLOOKUP(O37,'Horarios y Sistemas'!C:C,'Horarios y Sistemas'!H:H,0,0,1)-P37))/7*U37 -> 0 | R37: =+IF(Y37="Domingo",SUM(P31:Q37),0) -> 0 | S37: =+UPPER(TEXT(V37,"MMMMMMMM")) -> SEPTIEMBRE | T37: =+"Sem"&W37 -> Sem39 | U37: =+COUNTIF(B:B,B37) -> 7 | V37: 46287 | W37: =+_xlfn.ISOWEEKNUM(V37) -> 39 | X37: =+DAY(V37) -> 22 | Y37: Martes | Z37: 2 | AA37: =+IF($I37=AA$7,1,0) -> 1 | AB37: =+IF($I37=AB$7,1,0) -> 0 | AC37: =+IF($I37=AC$7,1,0) -> 0 | AD37: =+IF($I37=AD$7,1,0) -> 0 | AE37: =+IF($I37=AE$7,1,0) -> 0
B38: =+T38&W38&H38 -> Sem3939AMILCAR EDELBERTO LOPEZ AROCHE | C38: =+S38&T38 -> SEPTIEMBRESem39 | D38: =+S38&T38&H38 -> SEPTIEMBRESem39AMILCAR EDELBERTO LOPEZ AROCHE | E38: =+S38&T38&W38&H38 -> SEPTIEMBRESem3939AMILCAR EDELBERTO LOPEZ AROCHE | F38: =+H38&V38 -> AMILCAR EDELBERTO LOPEZ AROCHE46288 | H38: AMILCAR EDELBERTO LOPEZ AROCHE | I38: =+_xlfn.XLOOKUP($H38&$V38,BASEDATOS!$B:$B,BASEDATOS!F:F,0,0,1) -> DIA | J38: =+_xlfn.XLOOKUP($H38&$V38,BASEDATOS!$B:$B,BASEDATOS!Q:Q,0,0,1) -> 0.25 | K38: =+_xlfn.XLOOKUP($H38&$V38,BASEDATOS!$B:$B,BASEDATOS!R:R,0,0,1) -> 0.75 | L38: =+IF(OR(J38="Descanso",J38="AUSENTE",J38="ASUETO"),0,MOD(K38-J38,1)) -> 0.5 | M38: =+IF(OR(I38="DIA",I38="NOCHE",I38="MIXTO"),"1:00",0) -> 1:00 | N38: =+IF(I38="ASUETO-D",8/24,IF(I38="ASUETO-N",6/24,MOD(L38-M38,1))) -> 0.45833333 | O38: =+O42 -> 6-0-1 | P38: =+IF(AND(Y38="Domingo",U38=7),_xlfn.XLOOKUP(O38,'Horarios y Sistemas'!C:C,'Horarios y Sistemas'!H:H,0,0,1),0) -> 0 | Q38: =IF(U38=U39,0,IF(AVERAGEIF(W:W,W38,U:U)=U38,0,_xlfn.XLOOKUP(O38,'Horarios y Sistemas'!C:C,'Horarios y Sistemas'!H:H,0,0,1)-P38))/7*U38 -> 0 | R38: =+IF(Y38="Domingo",SUM(P32:Q38),0) -> 0 | S38: =+UPPER(TEXT(V38,"MMMMMMMM")) -> SEPTIEMBRE | T38: =+"Sem"&W38 -> Sem39 | U38: =+COUNTIF(B:B,B38) -> 7 | V38: 46288 | W38: =+_xlfn.ISOWEEKNUM(V38) -> 39 | X38: =+DAY(V38) -> 23 | Y38: Miércoles | Z38: 3 | AA38: =+IF($I38=AA$7,1,0) -> 1 | AB38: =+IF($I38=AB$7,1,0) -> 0 | AC38: =+IF($I38=AC$7,1,0) -> 0 | AD38: =+IF($I38=AD$7,1,0) -> 0 | AE38: =+IF($I38=AE$7,1,0) -> 0
B39: =+T39&W39&H39 -> Sem3939AMILCAR EDELBERTO LOPEZ AROCHE | C39: =+S39&T39 -> SEPTIEMBRESem39 | D39: =+S39&T39&H39 -> SEPTIEMBRESem39AMILCAR EDELBERTO LOPEZ AROCHE | E39: =+S39&T39&W39&H39 -> SEPTIEMBRESem3939AMILCAR EDELBERTO LOPEZ AROCHE | F39: =+H39&V39 -> AMILCAR EDELBERTO LOPEZ AROCHE46289 | H39: AMILCAR EDELBERTO LOPEZ AROCHE | I39: =+_xlfn.XLOOKUP($H39&$V39,BASEDATOS!$B:$B,BASEDATOS!F:F,0,0,1) -> DIA | J39: =+_xlfn.XLOOKUP($H39&$V39,BASEDATOS!$B:$B,BASEDATOS!Q:Q,0,0,1) -> 0.25 | K39: =+_xlfn.XLOOKUP($H39&$V39,BASEDATOS!$B:$B,BASEDATOS!R:R,0,0,1) -> 0.75 | L39: =+IF(OR(J39="Descanso",J39="AUSENTE",J39="ASUETO"),0,MOD(K39-J39,1)) -> 0.5 | M39: =+IF(OR(I39="DIA",I39="NOCHE",I39="MIXTO"),"1:00",0) -> 1:00 | N39: =+IF(I39="ASUETO-D",8/24,IF(I39="ASUETO-N",6/24,MOD(L39-M39,1))) -> 0.45833333 | O39: =+O42 -> 6-0-1 | P39: =+IF(AND(Y39="Domingo",U39=7),_xlfn.XLOOKUP(O39,'Horarios y Sistemas'!C:C,'Horarios y Sistemas'!H:H,0,0,1),0) -> 0 | Q39: =IF(U39=U40,0,IF(AVERAGEIF(W:W,W39,U:U)=U39,0,_xlfn.XLOOKUP(O39,'Horarios y Sistemas'!C:C,'Horarios y Sistemas'!H:H,0,0,1)-P39))/7*U39 -> 0 | R39: =+IF(Y39="Domingo",SUM(P33:Q39),0) -> 0 | S39: =+UPPER(TEXT(V39,"MMMMMMMM")) -> SEPTIEMBRE | T39: =+"Sem"&W39 -> Sem39 | U39: =+COUNTIF(B:B,B39) -> 7 | V39: 46289 | W39: =+_xlfn.ISOWEEKNUM(V39) -> 39 | X39: =+DAY(V39) -> 24 | Y39: Jueves | Z39: 4 | AA39: =+IF($I39=AA$7,1,0) -> 1 | AB39: =+IF($I39=AB$7,1,0) -> 0 | AC39: =+IF($I39=AC$7,1,0) -> 0 | AD39: =+IF($I39=AD$7,1,0) -> 0 | AE39: =+IF($I39=AE$7,1,0) -> 0
B40: =+T40&W40&H40 -> Sem3939AMILCAR EDELBERTO LOPEZ AROCHE | C40: =+S40&T40 -> SEPTIEMBRESem39 | D40: =+S40&T40&H40 -> SEPTIEMBRESem39AMILCAR EDELBERTO LOPEZ AROCHE | E40: =+S40&T40&W40&H40 -> SEPTIEMBRESem3939AMILCAR EDELBERTO LOPEZ AROCHE | F40: =+H40&V40 -> AMILCAR EDELBERTO LOPEZ AROCHE46290 | H40: AMILCAR EDELBERTO LOPEZ AROCHE | I40: =+_xlfn.XLOOKUP($H40&$V40,BASEDATOS!$B:$B,BASEDATOS!F:F,0,0,1) -> DIA | J40: =+_xlfn.XLOOKUP($H40&$V40,BASEDATOS!$B:$B,BASEDATOS!Q:Q,0,0,1) -> 0.25 | K40: =+_xlfn.XLOOKUP($H40&$V40,BASEDATOS!$B:$B,BASEDATOS!R:R,0,0,1) -> 0.75 | L40: =+IF(OR(J40="Descanso",J40="AUSENTE",J40="ASUETO"),0,MOD(K40-J40,1)) -> 0.5 | M40: =+IF(OR(I40="DIA",I40="NOCHE",I40="MIXTO"),"1:00",0) -> 1:00 | N40: =+IF(I40="ASUETO-D",8/24,IF(I40="ASUETO-N",6/24,MOD(L40-M40,1))) -> 0.45833333 | O40: =+O42 -> 6-0-1 | P40: =+IF(AND(Y40="Domingo",U40=7),_xlfn.XLOOKUP(O40,'Horarios y Sistemas'!C:C,'Horarios y Sistemas'!H:H,0,0,1),0) -> 0 | Q40: =IF(U40=U41,0,IF(AVERAGEIF(W:W,W40,U:U)=U40,0,_xlfn.XLOOKUP(O40,'Horarios y Sistemas'!C:C,'Horarios y Sistemas'!H:H,0,0,1)-P40))/7*U40 -> 0 | R40: =+IF(Y40="Domingo",SUM(P34:Q40),0) -> 0 | S40: =+UPPER(TEXT(V40,"MMMMMMMM")) -> SEPTIEMBRE | T40: =+"Sem"&W40 -> Sem39 | U40: =+COUNTIF(B:B,B40) -> 7 | V40: 46290 | W40: =+_xlfn.ISOWEEKNUM(V40) -> 39 | X40: =+DAY(V40) -> 25 | Y40: Viernes | Z40: 5 | AA40: =+IF($I40=AA$7,1,0) -> 1 | AB40: =+IF($I40=AB$7,1,0) -> 0 | AC40: =+IF($I40=AC$7,1,0) -> 0 | AD40: =+IF($I40=AD$7,1,0) -> 0 | AE40: =+IF($I40=AE$7,1,0) -> 0
B41: =+T41&W41&H41 -> Sem3939AMILCAR EDELBERTO LOPEZ AROCHE | C41: =+S41&T41 -> SEPTIEMBRESem39 | D41: =+S41&T41&H41 -> SEPTIEMBRESem39AMILCAR EDELBERTO LOPEZ AROCHE | E41: =+S41&T41&W41&H41 -> SEPTIEMBRESem3939AMILCAR EDELBERTO LOPEZ AROCHE | F41: =+H41&V41 -> AMILCAR EDELBERTO LOPEZ AROCHE46291 | H41: AMILCAR EDELBERTO LOPEZ AROCHE | I41: =+_xlfn.XLOOKUP($H41&$V41,BASEDATOS!$B:$B,BASEDATOS!F:F,0,0,1) -> DIA | J41: =+_xlfn.XLOOKUP($H41&$V41,BASEDATOS!$B:$B,BASEDATOS!Q:Q,0,0,1) -> 0.25 | K41: =+_xlfn.XLOOKUP($H41&$V41,BASEDATOS!$B:$B,BASEDATOS!R:R,0,0,1) -> 0.58333333 | L41: =+IF(OR(J41="Descanso",J41="AUSENTE",J41="ASUETO"),0,MOD(K41-J41,1)) -> 0.33333333 | M41: =+IF(OR(I41="DIA",I41="NOCHE",I41="MIXTO"),"1:00",0) -> 1:00 | N41: =+IF(I41="ASUETO-D",8/24,IF(I41="ASUETO-N",6/24,MOD(L41-M41,1))) -> 0.29166667 | O41: =+O42 -> 6-0-1 | P41: =+IF(AND(Y41="Domingo",U41=7),_xlfn.XLOOKUP(O41,'Horarios y Sistemas'!C:C,'Horarios y Sistemas'!H:H,0,0,1),0) -> 0 | Q41: =IF(U41=U42,0,IF(AVERAGEIF(W:W,W41,U:U)=U41,0,_xlfn.XLOOKUP(O41,'Horarios y Sistemas'!C:C,'Horarios y Sistemas'!H:H,0,0,1)-P41))/7*U41 -> 0 | R41: =+IF(Y41="Domingo",SUM(P35:Q41),0) -> 0 | S41: =+UPPER(TEXT(V41,"MMMMMMMM")) -> SEPTIEMBRE | T41: =+"Sem"&W41 -> Sem39 | U41: =+COUNTIF(B:B,B41) -> 7 | V41: 46291 | W41: =+_xlfn.ISOWEEKNUM(V41) -> 39 | X41: =+DAY(V41) -> 26 | Y41: Sábado | Z41: 6 | AA41: =+IF($I41=AA$7,1,0) -> 1 | AB41: =+IF($I41=AB$7,1,0) -> 0 | AC41: =+IF($I41=AC$7,1,0) -> 0 | AD41: =+IF($I41=AD$7,1,0) -> 0 | AE41: =+IF($I41=AE$7,1,0) -> 0
B42: =+T42&W42&H42 -> Sem3939AMILCAR EDELBERTO LOPEZ AROCHE | C42: =+S42&T42 -> SEPTIEMBRESem39 | D42: =+S42&T42&H42 -> SEPTIEMBRESem39AMILCAR EDELBERTO LOPEZ AROCHE | E42: =+S42&T42&W42&H42 -> SEPTIEMBRESem3939AMILCAR EDELBERTO LOPEZ AROCHE | F42: =+H42&V42 -> AMILCAR EDELBERTO LOPEZ AROCHE46292 | H42: AMILCAR EDELBERTO LOPEZ AROCHE | I42: =+_xlfn.XLOOKUP($H42&$V42,BASEDATOS!$B:$B,BASEDATOS!F:F,0,0,1) -> DESCANSO | J42: =+_xlfn.XLOOKUP($H42&$V42,BASEDATOS!$B:$B,BASEDATOS!Q:Q,0,0,1) -> 0 | K42: =+_xlfn.XLOOKUP($H42&$V42,BASEDATOS!$B:$B,BASEDATOS!R:R,0,0,1) -> 0 | L42: =+IF(OR(J42="Descanso",J42="AUSENTE",J42="ASUETO"),0,MOD(K42-J42,1)) -> 0 | M42: =+IF(OR(I42="DIA",I42="NOCHE",I42="MIXTO"),"1:00",0) -> 0 | N42: =+IF(I42="ASUETO-D",8/24,IF(I42="ASUETO-N",6/24,MOD(L42-M42,1))) -> 0 | O42: =+IF(Y42="Domingo",SUM(AA36:AA42)&"-"&SUM(AB36:AB42)&"-"&SUM(AC36:AE42),"") -> 6-0-1 | P42: =+IF(AND(Y42="Domingo",U42=7),_xlfn.XLOOKUP(O42,'Horarios y Sistemas'!C:C,'Horarios y Sistemas'!H:H,0,0,1),0) -> 44 | Q42: =IF(U42=U43,0,IF(AVERAGEIF(W:W,W42,U:U)=U42,0,_xlfn.XLOOKUP(O42,'Horarios y Sistemas'!C:C,'Horarios y Sistemas'!H:H,0,0,1)-P42))/7*U42 -> 0 | R42: =+IF(Y42="Domingo",SUM(P36:Q42),0) -> 44 | S42: =+UPPER(TEXT(V42,"MMMMMMMM")) -> SEPTIEMBRE | T42: =+"Sem"&W42 -> Sem39 | U42: =+COUNTIF(B:B,B42) -> 7 | V42: 46292 | W42: =+_xlfn.ISOWEEKNUM(V42) -> 39 | X42: =+DAY(V42) -> 27 | Y42: Domingo | Z42: 7 | AA42: =+IF($I42=AA$7,1,0) -> 0 | AB42: =+IF($I42=AB$7,1,0) -> 0 | AC42: =+IF($I42=AC$7,1,0) -> 1 | AD42: =+IF($I42=AD$7,1,0) -> 0 | AE42: =+IF($I42=AE$7,1,0) -> 0
B43: =+T43&W43&H43 -> Sem4040AMILCAR EDELBERTO LOPEZ AROCHE | C43: =+S43&T43 -> SEPTIEMBRESem40 | D43: =+S43&T43&H43 -> SEPTIEMBRESem40AMILCAR EDELBERTO LOPEZ AROCHE | E43: =+S43&T43&W43&H43 -> SEPTIEMBRESem4040AMILCAR EDELBERTO LOPEZ AROCHE | F43: =+H43&V43 -> AMILCAR EDELBERTO LOPEZ AROCHE46293 | H43: AMILCAR EDELBERTO LOPEZ AROCHE | I43: =+_xlfn.XLOOKUP($H43&$V43,BASEDATOS!$B:$B,BASEDATOS!F:F,0,0,1) -> NOCHE | J43: =+_xlfn.XLOOKUP($H43&$V43,BASEDATOS!$B:$B,BASEDATOS!Q:Q,0,0,1) -> 0.75 | K43: =+_xlfn.XLOOKUP($H43&$V43,BASEDATOS!$B:$B,BASEDATOS!R:R,0,0,1) -> 0.25 | L43: =+IF(OR(J43="Descanso",J43="AUSENTE",J43="ASUETO"),0,MOD(K43-J43,1)) -> 0.5 | M43: =+IF(OR(I43="DIA",I43="NOCHE",I43="MIXTO"),"1:00",0) -> 1:00 | N43: =+IF(I43="ASUETO-D",8/24,IF(I43="ASUETO-N",6/24,MOD(L43-M43,1))) -> 0.45833333 | O43: =+O49 -> 0-5-2 | P43: =+IF(AND(Y43="Domingo",U43=7),_xlfn.XLOOKUP(O43,'Horarios y Sistemas'!C:C,'Horarios y Sistemas'!H:H,0,0,1),0) -> 0 | Q43: =IF(U43=U44,0,IF(AVERAGEIF(W:W,W43,U:U)=U43,0,_xlfn.XLOOKUP(O43,'Horarios y Sistemas'!C:C,'Horarios y Sistemas'!H:H,0,0,1)-P43))/7*U43 -> 0 | R43: =+IF(Y43="Domingo",SUM(P37:Q43),0) -> 0 | S43: =+UPPER(TEXT(V43,"MMMMMMMM")) -> SEPTIEMBRE | T43: =+"Sem"&W43 -> Sem40 | U43: =+COUNTIF(B:B,B43) -> 7 | V43: 46293 | W43: =+_xlfn.ISOWEEKNUM(V43) -> 40 | X43: =+DAY(V43) -> 28 | Y43: Lunes | Z43: 1 | AA43: =+IF($I43=AA$7,1,0) -> 0 | AB43: =+IF($I43=AB$7,1,0) -> 1 | AC43: =+IF($I43=AC$7,1,0) -> 0 | AD43: =+IF($I43=AD$7,1,0) -> 0 | AE43: =+IF($I43=AE$7,1,0) -> 0
B44: =+T44&W44&H44 -> Sem4040AMILCAR EDELBERTO LOPEZ AROCHE | C44: =+S44&T44 -> SEPTIEMBRESem40 | D44: =+S44&T44&H44 -> SEPTIEMBRESem40AMILCAR EDELBERTO LOPEZ AROCHE | E44: =+S44&T44&W44&H44 -> SEPTIEMBRESem4040AMILCAR EDELBERTO LOPEZ AROCHE | F44: =+H44&V44 -> AMILCAR EDELBERTO LOPEZ AROCHE46294 | H44: AMILCAR EDELBERTO LOPEZ AROCHE | I44: =+_xlfn.XLOOKUP($H44&$V44,BASEDATOS!$B:$B,BASEDATOS!F:F,0,0,1) -> NOCHE | J44: =+_xlfn.XLOOKUP($H44&$V44,BASEDATOS!$B:$B,BASEDATOS!Q:Q,0,0,1) -> 0.75 | K44: =+_xlfn.XLOOKUP($H44&$V44,BASEDATOS!$B:$B,BASEDATOS!R:R,0,0,1) -> 0.25 | L44: =+IF(OR(J44="Descanso",J44="AUSENTE",J44="ASUETO"),0,MOD(K44-J44,1)) -> 0.5 | M44: =+IF(OR(I44="DIA",I44="NOCHE",I44="MIXTO"),"1:00",0) -> 1:00 | N44: =+IF(I44="ASUETO-D",8/24,IF(I44="ASUETO-N",6/24,MOD(L44-M44,1))) -> 0.45833333 | O44: =+O49 -> 0-5-2 | P44: =+IF(AND(Y44="Domingo",U44=7),_xlfn.XLOOKUP(O44,'Horarios y Sistemas'!C:C,'Horarios y Sistemas'!H:H,0,0,1),0) -> 0 | Q44: =IF(U44=U45,0,IF(AVERAGEIF(W:W,W44,U:U)=U44,0,_xlfn.XLOOKUP(O44,'Horarios y Sistemas'!C:C,'Horarios y Sistemas'!H:H,0,0,1)-P44))/7*U44 -> 0 | R44: =+IF(Y44="Domingo",SUM(P38:Q44),0) -> 0 | S44: =+UPPER(TEXT(V44,"MMMMMMMM")) -> SEPTIEMBRE | T44: =+"Sem"&W44 -> Sem40 | U44: =+COUNTIF(B:B,B44) -> 7 | V44: 46294 | W44: =+_xlfn.ISOWEEKNUM(V44) -> 40 | X44: =+DAY(V44) -> 29 | Y44: Martes | Z44: 2 | AA44: =+IF($I44=AA$7,1,0) -> 0 | AB44: =+IF($I44=AB$7,1,0) -> 1 | AC44: =+IF($I44=AC$7,1,0) -> 0 | AD44: =+IF($I44=AD$7,1,0) -> 0 | AE44: =+IF($I44=AE$7,1,0) -> 0
B45: =+T45&W45&H45 -> Sem4040AMILCAR EDELBERTO LOPEZ AROCHE | C45: =+S45&T45 -> SEPTIEMBRESem40 | D45: =+S45&T45&H45 -> SEPTIEMBRESem40AMILCAR EDELBERTO LOPEZ AROCHE | E45: =+S45&T45&W45&H45 -> SEPTIEMBRESem4040AMILCAR EDELBERTO LOPEZ AROCHE | F45: =+H45&V45 -> AMILCAR EDELBERTO LOPEZ AROCHE46295 | H45: AMILCAR EDELBERTO LOPEZ AROCHE | I45: =+_xlfn.XLOOKUP($H45&$V45,BASEDATOS!$B:$B,BASEDATOS!F:F,0,0,1) -> NOCHE | J45: =+_xlfn.XLOOKUP($H45&$V45,BASEDATOS!$B:$B,BASEDATOS!Q:Q,0,0,1) -> 0.75 | K45: =+_xlfn.XLOOKUP($H45&$V45,BASEDATOS!$B:$B,BASEDATOS!R:R,0,0,1) -> 0.25 | L45: =+IF(OR(J45="Descanso",J45="AUSENTE",J45="ASUETO"),0,MOD(K45-J45,1)) -> 0.5 | M45: =+IF(OR(I45="DIA",I45="NOCHE",I45="MIXTO"),"1:00",0) -> 1:00 | N45: =+IF(I45="ASUETO-D",8/24,IF(I45="ASUETO-N",6/24,MOD(L45-M45,1))) -> 0.45833333 | O45: =+O49 -> 0-5-2 | P45: =+IF(AND(Y45="Domingo",U45=7),_xlfn.XLOOKUP(O45,'Horarios y Sistemas'!C:C,'Horarios y Sistemas'!H:H,0,0,1),0) -> 0 | Q45: =IF(U45=U46,0,IF(AVERAGEIF(W:W,W45,U:U)=U45,0,_xlfn.XLOOKUP(O45,'Horarios y Sistemas'!C:C,'Horarios y Sistemas'!H:H,0,0,1)-P45))/7*U45 -> 0 | R45: =+IF(Y45="Domingo",SUM(P39:Q45),0) -> 0 | S45: =+UPPER(TEXT(V45,"MMMMMMMM")) -> SEPTIEMBRE | T45: =+"Sem"&W45 -> Sem40 | U45: =+COUNTIF(B:B,B45) -> 7 | V45: 46295 | W45: =+_xlfn.ISOWEEKNUM(V45) -> 40 | X45: =+DAY(V45) -> 30 | Y45: Miércoles | Z45: 3 | AA45: =+IF($I45=AA$7,1,0) -> 0 | AB45: =+IF($I45=AB$7,1,0) -> 1 | AC45: =+IF($I45=AC$7,1,0) -> 0 | AD45: =+IF($I45=AD$7,1,0) -> 0 | AE45: =+IF($I45=AE$7,1,0) -> 0
B46: =+T46&W46&H46 -> Sem4040AMILCAR EDELBERTO LOPEZ AROCHE | C46: =+S46&T46 -> OCTUBRESem40 | D46: =+S46&T46&H46 -> OCTUBRESem40AMILCAR EDELBERTO LOPEZ AROCHE | E46: =+S46&T46&W46&H46 -> OCTUBRESem4040AMILCAR EDELBERTO LOPEZ AROCHE | F46: =+H46&V46 -> AMILCAR EDELBERTO LOPEZ AROCHE46296 | H46: AMILCAR EDELBERTO LOPEZ AROCHE | I46: =+_xlfn.XLOOKUP($H46&$V46,BASEDATOS!$B:$B,BASEDATOS!F:F,0,0,1) -> NOCHE | J46: =+_xlfn.XLOOKUP($H46&$V46,BASEDATOS!$B:$B,BASEDATOS!Q:Q,0,0,1) -> 0.75 | K46: =+_xlfn.XLOOKUP($H46&$V46,BASEDATOS!$B:$B,BASEDATOS!R:R,0,0,1) -> 0.25 | L46: =+IF(OR(J46="Descanso",J46="AUSENTE",J46="ASUETO"),0,MOD(K46-J46,1)) -> 0.5 | M46: =+IF(OR(I46="DIA",I46="NOCHE",I46="MIXTO"),"1:00",0) -> 1:00 | N46: =+IF(I46="ASUETO-D",8/24,IF(I46="ASUETO-N",6/24,MOD(L46-M46,1))) -> 0.45833333 | O46: =+O49 -> 0-5-2 | P46: =+IF(AND(Y46="Domingo",U46=7),_xlfn.XLOOKUP(O46,'Horarios y Sistemas'!C:C,'Horarios y Sistemas'!H:H,0,0,1),0) -> 0 | Q46: =IF(U46=U47,0,IF(AVERAGEIF(W:W,W46,U:U)=U46,0,_xlfn.XLOOKUP(O46,'Horarios y Sistemas'!C:C,'Horarios y Sistemas'!H:H,0,0,1)-P46))/7*U46 -> 0 | R46: =+IF(Y46="Domingo",SUM(P40:Q46),0) -> 0 | S46: =+UPPER(TEXT(V46,"MMMMMMMM")) -> OCTUBRE | T46: =+"Sem"&W46 -> Sem40 | U46: =+COUNTIF(B:B,B46) -> 7 | V46: 46296 | W46: =+_xlfn.ISOWEEKNUM(V46) -> 40 | X46: =+DAY(V46) -> 1 | Y46: Jueves | Z46: 4 | AA46: =+IF($I46=AA$7,1,0) -> 0 | AB46: =+IF($I46=AB$7,1,0) -> 1 | AC46: =+IF($I46=AC$7,1,0) -> 0 | AD46: =+IF($I46=AD$7,1,0) -> 0 | AE46: =+IF($I46=AE$7,1,0) -> 0
B47: =+T47&W47&H47 -> Sem4040AMILCAR EDELBERTO LOPEZ AROCHE | C47: =+S47&T47 -> OCTUBRESem40 | D47: =+S47&T47&H47 -> OCTUBRESem40AMILCAR EDELBERTO LOPEZ AROCHE | E47: =+S47&T47&W47&H47 -> OCTUBRESem4040AMILCAR EDELBERTO LOPEZ AROCHE | F47: =+H47&V47 -> AMILCAR EDELBERTO LOPEZ AROCHE46297 | H47: AMILCAR EDELBERTO LOPEZ AROCHE | I47: =+_xlfn.XLOOKUP($H47&$V47,BASEDATOS!$B:$B,BASEDATOS!F:F,0,0,1) -> NOCHE | J47: =+_xlfn.XLOOKUP($H47&$V47,BASEDATOS!$B:$B,BASEDATOS!Q:Q,0,0,1) -> 0.75 | K47: =+_xlfn.XLOOKUP($H47&$V47,BASEDATOS!$B:$B,BASEDATOS!R:R,0,0,1) -> 0.25 | L47: =+IF(OR(J47="Descanso",J47="AUSENTE",J47="ASUETO"),0,MOD(K47-J47,1)) -> 0.5 | M47: =+IF(OR(I47="DIA",I47="NOCHE",I47="MIXTO"),"1:00",0) -> 1:00 | N47: =+IF(I47="ASUETO-D",8/24,IF(I47="ASUETO-N",6/24,MOD(L47-M47,1))) -> 0.45833333 | O47: =+O49 -> 0-5-2 | P47: =+IF(AND(Y47="Domingo",U47=7),_xlfn.XLOOKUP(O47,'Horarios y Sistemas'!C:C,'Horarios y Sistemas'!H:H,0,0,1),0) -> 0 | Q47: =IF(U47=U48,0,IF(AVERAGEIF(W:W,W47,U:U)=U47,0,_xlfn.XLOOKUP(O47,'Horarios y Sistemas'!C:C,'Horarios y Sistemas'!H:H,0,0,1)-P47))/7*U47 -> 0 | R47: =+IF(Y47="Domingo",SUM(P41:Q47),0) -> 0 | S47: =+UPPER(TEXT(V47,"MMMMMMMM")) -> OCTUBRE | T47: =+"Sem"&W47 -> Sem40 | U47: =+COUNTIF(B:B,B47) -> 7 | V47: 46297 | W47: =+_xlfn.ISOWEEKNUM(V47) -> 40 | X47: =+DAY(V47) -> 2 | Y47: Viernes | Z47: 5 | AA47: =+IF($I47=AA$7,1,0) -> 0 | AB47: =+IF($I47=AB$7,1,0) -> 1 | AC47: =+IF($I47=AC$7,1,0) -> 0 | AD47: =+IF($I47=AD$7,1,0) -> 0 | AE47: =+IF($I47=AE$7,1,0) -> 0
B48: =+T48&W48&H48 -> Sem4040AMILCAR EDELBERTO LOPEZ AROCHE | C48: =+S48&T48 -> OCTUBRESem40 | D48: =+S48&T48&H48 -> OCTUBRESem40AMILCAR EDELBERTO LOPEZ AROCHE | E48: =+S48&T48&W48&H48 -> OCTUBRESem4040AMILCAR EDELBERTO LOPEZ AROCHE | F48: =+H48&V48 -> AMILCAR EDELBERTO LOPEZ AROCHE46298 | H48: AMILCAR EDELBERTO LOPEZ AROCHE | I48: =+_xlfn.XLOOKUP($H48&$V48,BASEDATOS!$B:$B,BASEDATOS!F:F,0,0,1) -> DESCANSO | J48: =+_xlfn.XLOOKUP($H48&$V48,BASEDATOS!$B:$B,BASEDATOS!Q:Q,0,0,1) -> 0 | K48: =+_xlfn.XLOOKUP($H48&$V48,BASEDATOS!$B:$B,BASEDATOS!R:R,0,0,1) -> 0 | L48: =+IF(OR(J48="Descanso",J48="AUSENTE",J48="ASUETO"),0,MOD(K48-J48,1)) -> 0 | M48: =+IF(OR(I48="DIA",I48="NOCHE",I48="MIXTO"),"1:00",0) -> 0 | N48: =+IF(I48="ASUETO-D",8/24,IF(I48="ASUETO-N",6/24,MOD(L48-M48,1))) -> 0 | O48: =+O49 -> 0-5-2 | P48: =+IF(AND(Y48="Domingo",U48=7),_xlfn.XLOOKUP(O48,'Horarios y Sistemas'!C:C,'Horarios y Sistemas'!H:H,0,0,1),0) -> 0 | Q48: =IF(U48=U49,0,IF(AVERAGEIF(W:W,W48,U:U)=U48,0,_xlfn.XLOOKUP(O48,'Horarios y Sistemas'!C:C,'Horarios y Sistemas'!H:H,0,0,1)-P48))/7*U48 -> 0 | R48: =+IF(Y48="Domingo",SUM(P42:Q48),0) -> 0 | S48: =+UPPER(TEXT(V48,"MMMMMMMM")) -> OCTUBRE | T48: =+"Sem"&W48 -> Sem40 | U48: =+COUNTIF(B:B,B48) -> 7 | V48: 46298 | W48: =+_xlfn.ISOWEEKNUM(V48) -> 40 | X48: =+DAY(V48) -> 3 | Y48: Sábado | Z48: 6 | AA48: =+IF($I48=AA$7,1,0) -> 0 | AB48: =+IF($I48=AB$7,1,0) -> 0 | AC48: =+IF($I48=AC$7,1,0) -> 1 | AD48: =+IF($I48=AD$7,1,0) -> 0 | AE48: =+IF($I48=AE$7,1,0) -> 0
B49: =+T49&W49&H49 -> Sem4040AMILCAR EDELBERTO LOPEZ AROCHE | C49: =+S49&T49 -> OCTUBRESem40 | D49: =+S49&T49&H49 -> OCTUBRESem40AMILCAR EDELBERTO LOPEZ AROCHE | E49: =+S49&T49&W49&H49 -> OCTUBRESem4040AMILCAR EDELBERTO LOPEZ AROCHE | F49: =+H49&V49 -> AMILCAR EDELBERTO LOPEZ AROCHE46299 | H49: AMILCAR EDELBERTO LOPEZ AROCHE | I49: =+_xlfn.XLOOKUP($H49&$V49,BASEDATOS!$B:$B,BASEDATOS!F:F,0,0,1) -> DESCANSO | J49: =+_xlfn.XLOOKUP($H49&$V49,BASEDATOS!$B:$B,BASEDATOS!Q:Q,0,0,1) -> 0 | K49: =+_xlfn.XLOOKUP($H49&$V49,BASEDATOS!$B:$B,BASEDATOS!R:R,0,0,1) -> 0 | L49: =+IF(OR(J49="Descanso",J49="AUSENTE",J49="ASUETO"),0,MOD(K49-J49,1)) -> 0 | M49: =+IF(OR(I49="DIA",I49="NOCHE",I49="MIXTO"),"1:00",0) -> 0 | N49: =+IF(I49="ASUETO-D",8/24,IF(I49="ASUETO-N",6/24,MOD(L49-M49,1))) -> 0 | O49: =+IF(Y49="Domingo",SUM(AA43:AA49)&"-"&SUM(AB43:AB49)&"-"&SUM(AC43:AE49),"") -> 0-5-2 | P49: =+IF(AND(Y49="Domingo",U49=7),_xlfn.XLOOKUP(O49,'Horarios y Sistemas'!C:C,'Horarios y Sistemas'!H:H,0,0,1),0) -> 36 | Q49: =IF(U49=U50,0,IF(AVERAGEIF(W:W,W49,U:U)=U49,0,_xlfn.XLOOKUP(O49,'Horarios y Sistemas'!C:C,'Horarios y Sistemas'!H:H,0,0,1)-P49))/7*U49 -> 0 | R49: =+IF(Y49="Domingo",SUM(P43:Q49),0) -> 36 | S49: =+UPPER(TEXT(V49,"MMMMMMMM")) -> OCTUBRE | T49: =+"Sem"&W49 -> Sem40 | U49: =+COUNTIF(B:B,B49) -> 7 | V49: 46299 | W49: =+_xlfn.ISOWEEKNUM(V49) -> 40 | X49: =+DAY(V49) -> 4 | Y49: Domingo | Z49: 7 | AA49: =+IF($I49=AA$7,1,0) -> 0 | AB49: =+IF($I49=AB$7,1,0) -> 0 | AC49: =+IF($I49=AC$7,1,0) -> 1 | AD49: =+IF($I49=AD$7,1,0) -> 0 | AE49: =+IF($I49=AE$7,1,0) -> 0
B50: =+T50&W50&H50 -> Sem3838BAYRON AMILCAR JIMENEZ VEGA | C50: =+S50&T50 -> SEPTIEMBRESem38 | D50: =+S50&T50&H50 -> SEPTIEMBRESem38BAYRON AMILCAR JIMENEZ VEGA | E50: =+S50&T50&W50&H50 -> SEPTIEMBRESem3838BAYRON AMILCAR JIMENEZ VEGA | F50: =+H50&V50 -> BAYRON AMILCAR JIMENEZ VEGA46279 | H50: BAYRON AMILCAR JIMENEZ VEGA | I50: =+_xlfn.XLOOKUP($H50&$V50,BASEDATOS!$B:$B,BASEDATOS!F:F,0,0,1) -> DESCANSO | J50: =+_xlfn.XLOOKUP($H50&$V50,BASEDATOS!$B:$B,BASEDATOS!Q:Q,0,0,1) -> 0 | K50: =+_xlfn.XLOOKUP($H50&$V50,BASEDATOS!$B:$B,BASEDATOS!R:R,0,0,1) -> 0 | L50: =+IF(OR(J50="Descanso",J50="AUSENTE",J50="ASUETO"),0,MOD(K50-J50,1)) -> 0 | M50: =+IF(OR(I50="DIA",I50="NOCHE",I50="MIXTO"),"1:00",0) -> 0 | N50: =+IF(I50="ASUETO-D",8/24,IF(I50="ASUETO-N",6/24,MOD(L50-M50,1))) -> 0 | O50: =+O56 -> 5-0-2 | P50: =+IF(AND(Y50="Domingo",U50=7),_xlfn.XLOOKUP(O50,'Horarios y Sistemas'!C:C,'Horarios y Sistemas'!H:H,0,0,1),0) -> 0 | Q50: =IF(U50=U51,0,IF(AVERAGEIF(W:W,W50,U:U)=U50,0,_xlfn.XLOOKUP(O50,'Horarios y Sistemas'!C:C,'Horarios y Sistemas'!H:H,0,0,1)-P50))/7*U50 -> 0 | R50: =+IF(Y50="Domingo",SUM(P44:Q50),0) -> 0 | S50: =+UPPER(TEXT(V50,"MMMMMMMM")) -> SEPTIEMBRE | T50: =+"Sem"&W50 -> Sem38 | U50: =+COUNTIF(B:B,B50) -> 7 | V50: 46279 | W50: =+_xlfn.ISOWEEKNUM(V50) -> 38 | X50: =+DAY(V50) -> 14 | Y50: Lunes | Z50: 1 | AA50: =+IF($I50=AA$7,1,0) -> 0 | AB50: =+IF($I50=AB$7,1,0) -> 0 | AC50: =+IF($I50=AC$7,1,0) -> 1 | AD50: =+IF($I50=AD$7,1,0) -> 0 | AE50: =+IF($I50=AE$7,1,0) -> 0
B51: =+T51&W51&H51 -> Sem3838BAYRON AMILCAR JIMENEZ VEGA | C51: =+S51&T51 -> SEPTIEMBRESem38 | D51: =+S51&T51&H51 -> SEPTIEMBRESem38BAYRON AMILCAR JIMENEZ VEGA | E51: =+S51&T51&W51&H51 -> SEPTIEMBRESem3838BAYRON AMILCAR JIMENEZ VEGA | F51: =+H51&V51 -> BAYRON AMILCAR JIMENEZ VEGA46280 | H51: BAYRON AMILCAR JIMENEZ VEGA | I51: =+_xlfn.XLOOKUP($H51&$V51,BASEDATOS!$B:$B,BASEDATOS!F:F,0,0,1) -> DIA | J51: =+_xlfn.XLOOKUP($H51&$V51,BASEDATOS!$B:$B,BASEDATOS!Q:Q,0,0,1) -> 0.33333333 | K51: =+_xlfn.XLOOKUP($H51&$V51,BASEDATOS!$B:$B,BASEDATOS!R:R,0,0,1) -> 0.70833333 | L51: =+IF(OR(J51="Descanso",J51="AUSENTE",J51="ASUETO"),0,MOD(K51-J51,1)) -> 0.375 | M51: =+IF(OR(I51="DIA",I51="NOCHE",I51="MIXTO"),"1:00",0) -> 1:00 | N51: =+IF(I51="ASUETO-D",8/24,IF(I51="ASUETO-N",6/24,MOD(L51-M51,1))) -> 0.33333333 | O51: =+O56 -> 5-0-2 | P51: =+IF(AND(Y51="Domingo",U51=7),_xlfn.XLOOKUP(O51,'Horarios y Sistemas'!C:C,'Horarios y Sistemas'!H:H,0,0,1),0) -> 0 | Q51: =IF(U51=U52,0,IF(AVERAGEIF(W:W,W51,U:U)=U51,0,_xlfn.XLOOKUP(O51,'Horarios y Sistemas'!C:C,'Horarios y Sistemas'!H:H,0,0,1)-P51))/7*U51 -> 0 | R51: =+IF(Y51="Domingo",SUM(P45:Q51),0) -> 0 | S51: =+UPPER(TEXT(V51,"MMMMMMMM")) -> SEPTIEMBRE | T51: =+"Sem"&W51 -> Sem38 | U51: =+COUNTIF(B:B,B51) -> 7 | V51: 46280 | W51: =+_xlfn.ISOWEEKNUM(V51) -> 38 | X51: =+DAY(V51) -> 15 | Y51: Martes | Z51: 2 | AA51: =+IF($I51=AA$7,1,0) -> 1 | AB51: =+IF($I51=AB$7,1,0) -> 0 | AC51: =+IF($I51=AC$7,1,0) -> 0 | AD51: =+IF($I51=AD$7,1,0) -> 0 | AE51: =+IF($I51=AE$7,1,0) -> 0
B52: =+T52&W52&H52 -> Sem3838BAYRON AMILCAR JIMENEZ VEGA | C52: =+S52&T52 -> SEPTIEMBRESem38 | D52: =+S52&T52&H52 -> SEPTIEMBRESem38BAYRON AMILCAR JIMENEZ VEGA | E52: =+S52&T52&W52&H52 -> SEPTIEMBRESem3838BAYRON AMILCAR JIMENEZ VEGA | F52: =+H52&V52 -> BAYRON AMILCAR JIMENEZ VEGA46281 | H52: BAYRON AMILCAR JIMENEZ VEGA | I52: =+_xlfn.XLOOKUP($H52&$V52,BASEDATOS!$B:$B,BASEDATOS!F:F,0,0,1) -> DIA | J52: =+_xlfn.XLOOKUP($H52&$V52,BASEDATOS!$B:$B,BASEDATOS!Q:Q,0,0,1) -> 0.29166667 | K52: =+_xlfn.XLOOKUP($H52&$V52,BASEDATOS!$B:$B,BASEDATOS!R:R,0,0,1) -> 0.66666667 | L52: =+IF(OR(J52="Descanso",J52="AUSENTE",J52="ASUETO"),0,MOD(K52-J52,1)) -> 0.375 | M52: =+IF(OR(I52="DIA",I52="NOCHE",I52="MIXTO"),"1:00",0) -> 1:00 | N52: =+IF(I52="ASUETO-D",8/24,IF(I52="ASUETO-N",6/24,MOD(L52-M52,1))) -> 0.33333333 | O52: =+O56 -> 5-0-2 | P52: =+IF(AND(Y52="Domingo",U52=7),_xlfn.XLOOKUP(O52,'Horarios y Sistemas'!C:C,'Horarios y Sistemas'!H:H,0,0,1),0) -> 0 | Q52: =IF(U52=U53,0,IF(AVERAGEIF(W:W,W52,U:U)=U52,0,_xlfn.XLOOKUP(O52,'Horarios y Sistemas'!C:C,'Horarios y Sistemas'!H:H,0,0,1)-P52))/7*U52 -> 0 | R52: =+IF(Y52="Domingo",SUM(P46:Q52),0) -> 0 | S52: =+UPPER(TEXT(V52,"MMMMMMMM")) -> SEPTIEMBRE | T52: =+"Sem"&W52 -> Sem38 | U52: =+COUNTIF(B:B,B52) -> 7 | V52: 46281 | W52: =+_xlfn.ISOWEEKNUM(V52) -> 38 | X52: =+DAY(V52) -> 16 | Y52: Miércoles | Z52: 3 | AA52: =+IF($I52=AA$7,1,0) -> 1 | AB52: =+IF($I52=AB$7,1,0) -> 0 | AC52: =+IF($I52=AC$7,1,0) -> 0 | AD52: =+IF($I52=AD$7,1,0) -> 0 | AE52: =+IF($I52=AE$7,1,0) -> 0
B53: =+T53&W53&H53 -> Sem3838BAYRON AMILCAR JIMENEZ VEGA | C53: =+S53&T53 -> SEPTIEMBRESem38 | D53: =+S53&T53&H53 -> SEPTIEMBRESem38BAYRON AMILCAR JIMENEZ VEGA | E53: =+S53&T53&W53&H53 -> SEPTIEMBRESem3838BAYRON AMILCAR JIMENEZ VEGA | F53: =+H53&V53 -> BAYRON AMILCAR JIMENEZ VEGA46282 | H53: BAYRON AMILCAR JIMENEZ VEGA | I53: =+_xlfn.XLOOKUP($H53&$V53,BASEDATOS!$B:$B,BASEDATOS!F:F,0,0,1) -> DIA | J53: =+_xlfn.XLOOKUP($H53&$V53,BASEDATOS!$B:$B,BASEDATOS!Q:Q,0,0,1) -> 0.375 | K53: =+_xlfn.XLOOKUP($H53&$V53,BASEDATOS!$B:$B,BASEDATOS!R:R,0,0,1) -> 0.75 | L53: =+IF(OR(J53="Descanso",J53="AUSENTE",J53="ASUETO"),0,MOD(K53-J53,1)) -> 0.375 | M53: =+IF(OR(I53="DIA",I53="NOCHE",I53="MIXTO"),"1:00",0) -> 1:00 | N53: =+IF(I53="ASUETO-D",8/24,IF(I53="ASUETO-N",6/24,MOD(L53-M53,1))) -> 0.33333333 | O53: =+O56 -> 5-0-2 | P53: =+IF(AND(Y53="Domingo",U53=7),_xlfn.XLOOKUP(O53,'Horarios y Sistemas'!C:C,'Horarios y Sistemas'!H:H,0,0,1),0) -> 0 | Q53: =IF(U53=U54,0,IF(AVERAGEIF(W:W,W53,U:U)=U53,0,_xlfn.XLOOKUP(O53,'Horarios y Sistemas'!C:C,'Horarios y Sistemas'!H:H,0,0,1)-P53))/7*U53 -> 0 | R53: =+IF(Y53="Domingo",SUM(P47:Q53),0) -> 0 | S53: =+UPPER(TEXT(V53,"MMMMMMMM")) -> SEPTIEMBRE | T53: =+"Sem"&W53 -> Sem38 | U53: =+COUNTIF(B:B,B53) -> 7 | V53: 46282 | W53: =+_xlfn.ISOWEEKNUM(V53) -> 38 | X53: =+DAY(V53) -> 17 | Y53: Jueves | Z53: 4 | AA53: =+IF($I53=AA$7,1,0) -> 1 | AB53: =+IF($I53=AB$7,1,0) -> 0 | AC53: =+IF($I53=AC$7,1,0) -> 0 | AD53: =+IF($I53=AD$7,1,0) -> 0 | AE53: =+IF($I53=AE$7,1,0) -> 0
B54: =+T54&W54&H54 -> Sem3838BAYRON AMILCAR JIMENEZ VEGA | C54: =+S54&T54 -> SEPTIEMBRESem38 | D54: =+S54&T54&H54 -> SEPTIEMBRESem38BAYRON AMILCAR JIMENEZ VEGA | E54: =+S54&T54&W54&H54 -> SEPTIEMBRESem3838BAYRON AMILCAR JIMENEZ VEGA | F54: =+H54&V54 -> BAYRON AMILCAR JIMENEZ VEGA46283 | H54: BAYRON AMILCAR JIMENEZ VEGA | I54: =+_xlfn.XLOOKUP($H54&$V54,BASEDATOS!$B:$B,BASEDATOS!F:F,0,0,1) -> DIA | J54: =+_xlfn.XLOOKUP($H54&$V54,BASEDATOS!$B:$B,BASEDATOS!Q:Q,0,0,1) -> 0.29166667 | K54: =+_xlfn.XLOOKUP($H54&$V54,BASEDATOS!$B:$B,BASEDATOS!R:R,0,0,1) -> 0.66666667 | L54: =+IF(OR(J54="Descanso",J54="AUSENTE",J54="ASUETO"),0,MOD(K54-J54,1)) -> 0.375 | M54: =+IF(OR(I54="DIA",I54="NOCHE",I54="MIXTO"),"1:00",0) -> 1:00 | N54: =+IF(I54="ASUETO-D",8/24,IF(I54="ASUETO-N",6/24,MOD(L54-M54,1))) -> 0.33333333 | O54: =+O56 -> 5-0-2 | P54: =+IF(AND(Y54="Domingo",U54=7),_xlfn.XLOOKUP(O54,'Horarios y Sistemas'!C:C,'Horarios y Sistemas'!H:H,0,0,1),0) -> 0 | Q54: =IF(U54=U55,0,IF(AVERAGEIF(W:W,W54,U:U)=U54,0,_xlfn.XLOOKUP(O54,'Horarios y Sistemas'!C:C,'Horarios y Sistemas'!H:H,0,0,1)-P54))/7*U54 -> 0 | R54: =+IF(Y54="Domingo",SUM(P48:Q54),0) -> 0 | S54: =+UPPER(TEXT(V54,"MMMMMMMM")) -> SEPTIEMBRE | T54: =+"Sem"&W54 -> Sem38 | U54: =+COUNTIF(B:B,B54) -> 7 | V54: 46283 | W54: =+_xlfn.ISOWEEKNUM(V54) -> 38 | X54: =+DAY(V54) -> 18 | Y54: Viernes | Z54: 5 | AA54: =+IF($I54=AA$7,1,0) -> 1 | AB54: =+IF($I54=AB$7,1,0) -> 0 | AC54: =+IF($I54=AC$7,1,0) -> 0 | AD54: =+IF($I54=AD$7,1,0) -> 0 | AE54: =+IF($I54=AE$7,1,0) -> 0
B55: =+T55&W55&H55 -> Sem3838BAYRON AMILCAR JIMENEZ VEGA | C55: =+S55&T55 -> SEPTIEMBRESem38 | D55: =+S55&T55&H55 -> SEPTIEMBRESem38BAYRON AMILCAR JIMENEZ VEGA | E55: =+S55&T55&W55&H55 -> SEPTIEMBRESem3838BAYRON AMILCAR JIMENEZ VEGA | F55: =+H55&V55 -> BAYRON AMILCAR JIMENEZ VEGA46284 | H55: BAYRON AMILCAR JIMENEZ VEGA | I55: =+_xlfn.XLOOKUP($H55&$V55,BASEDATOS!$B:$B,BASEDATOS!F:F,0,0,1) -> DIA | J55: =+_xlfn.XLOOKUP($H55&$V55,BASEDATOS!$B:$B,BASEDATOS!Q:Q,0,0,1) -> 0.29166667 | K55: =+_xlfn.XLOOKUP($H55&$V55,BASEDATOS!$B:$B,BASEDATOS!R:R,0,0,1) -> 0.5 | L55: =+IF(OR(J55="Descanso",J55="AUSENTE",J55="ASUETO"),0,MOD(K55-J55,1)) -> 0.20833333 | M55: =+IF(OR(I55="DIA",I55="NOCHE",I55="MIXTO"),"1:00",0) -> 1:00 | N55: =+IF(I55="ASUETO-D",8/24,IF(I55="ASUETO-N",6/24,MOD(L55-M55,1))) -> 0.16666667 | O55: =+O56 -> 5-0-2 | P55: =+IF(AND(Y55="Domingo",U55=7),_xlfn.XLOOKUP(O55,'Horarios y Sistemas'!C:C,'Horarios y Sistemas'!H:H,0,0,1),0) -> 0 | Q55: =IF(U55=U56,0,IF(AVERAGEIF(W:W,W55,U:U)=U55,0,_xlfn.XLOOKUP(O55,'Horarios y Sistemas'!C:C,'Horarios y Sistemas'!H:H,0,0,1)-P55))/7*U55 -> 0 | R55: =+IF(Y55="Domingo",SUM(P49:Q55),0) -> 0 | S55: =+UPPER(TEXT(V55,"MMMMMMMM")) -> SEPTIEMBRE | T55: =+"Sem"&W55 -> Sem38 | U55: =+COUNTIF(B:B,B55) -> 7 | V55: 46284 | W55: =+_xlfn.ISOWEEKNUM(V55) -> 38 | X55: =+DAY(V55) -> 19 | Y55: Sábado | Z55: 6 | AA55: =+IF($I55=AA$7,1,0) -> 1 | AB55: =+IF($I55=AB$7,1,0) -> 0 | AC55: =+IF($I55=AC$7,1,0) -> 0 | AD55: =+IF($I55=AD$7,1,0) -> 0 | AE55: =+IF($I55=AE$7,1,0) -> 0
B56: =+T56&W56&H56 -> Sem3838BAYRON AMILCAR JIMENEZ VEGA | C56: =+S56&T56 -> SEPTIEMBRESem38 | D56: =+S56&T56&H56 -> SEPTIEMBRESem38BAYRON AMILCAR JIMENEZ VEGA | E56: =+S56&T56&W56&H56 -> SEPTIEMBRESem3838BAYRON AMILCAR JIMENEZ VEGA | F56: =+H56&V56 -> BAYRON AMILCAR JIMENEZ VEGA46285 | H56: BAYRON AMILCAR JIMENEZ VEGA | I56: =+_xlfn.XLOOKUP($H56&$V56,BASEDATOS!$B:$B,BASEDATOS!F:F,0,0,1) -> DESCANSO | J56: =+_xlfn.XLOOKUP($H56&$V56,BASEDATOS!$B:$B,BASEDATOS!Q:Q,0,0,1) -> 0 | K56: =+_xlfn.XLOOKUP($H56&$V56,BASEDATOS!$B:$B,BASEDATOS!R:R,0,0,1) -> 0 | L56: =+IF(OR(J56="Descanso",J56="AUSENTE",J56="ASUETO"),0,MOD(K56-J56,1)) -> 0 | M56: =+IF(OR(I56="DIA",I56="NOCHE",I56="MIXTO"),"1:00",0) -> 0 | N56: =+IF(I56="ASUETO-D",8/24,IF(I56="ASUETO-N",6/24,MOD(L56-M56,1))) -> 0 | O56: =+IF(Y56="Domingo",SUM(AA50:AA56)&"-"&SUM(AB50:AB56)&"-"&SUM(AC50:AE56),"") -> 5-0-2 | P56: =+IF(AND(Y56="Domingo",U56=7),_xlfn.XLOOKUP(O56,'Horarios y Sistemas'!C:C,'Horarios y Sistemas'!H:H,0,0,1),0) -> 44 | Q56: =IF(U56=U57,0,IF(AVERAGEIF(W:W,W56,U:U)=U56,0,_xlfn.XLOOKUP(O56,'Horarios y Sistemas'!C:C,'Horarios y Sistemas'!H:H,0,0,1)-P56))/7*U56 -> 0 | R56: =+IF(Y56="Domingo",SUM(P50:Q56),0) -> 44 | S56: =+UPPER(TEXT(V56,"MMMMMMMM")) -> SEPTIEMBRE | T56: =+"Sem"&W56 -> Sem38 | U56: =+COUNTIF(B:B,B56) -> 7 | V56: 46285 | W56: =+_xlfn.ISOWEEKNUM(V56) -> 38 | X56: =+DAY(V56) -> 20 | Y56: Domingo | Z56: 7 | AA56: =+IF($I56=AA$7,1,0) -> 0 | AB56: =+IF($I56=AB$7,1,0) -> 0 | AC56: =+IF($I56=AC$7,1,0) -> 1 | AD56: =+IF($I56=AD$7,1,0) -> 0 | AE56: =+IF($I56=AE$7,1,0) -> 0
B57: =+T57&W57&H57 -> Sem3939BAYRON AMILCAR JIMENEZ VEGA | C57: =+S57&T57 -> SEPTIEMBRESem39 | D57: =+S57&T57&H57 -> SEPTIEMBRESem39BAYRON AMILCAR JIMENEZ VEGA | E57: =+S57&T57&W57&H57 -> SEPTIEMBRESem3939BAYRON AMILCAR JIMENEZ VEGA | F57: =+H57&V57 -> BAYRON AMILCAR JIMENEZ VEGA46286 | H57: BAYRON AMILCAR JIMENEZ VEGA | I57: =+_xlfn.XLOOKUP($H57&$V57,BASEDATOS!$B:$B,BASEDATOS!F:F,0,0,1) -> NOCHE | J57: =+_xlfn.XLOOKUP($H57&$V57,BASEDATOS!$B:$B,BASEDATOS!Q:Q,0,0,1) -> 0.79166667 | K57: =+_xlfn.XLOOKUP($H57&$V57,BASEDATOS!$B:$B,BASEDATOS!R:R,0,0,1) -> 0.20833333 | L57: =+IF(OR(J57="Descanso",J57="AUSENTE",J57="ASUETO"),0,MOD(K57-J57,1)) -> 0.41666667 | M57: =+IF(OR(I57="DIA",I57="NOCHE",I57="MIXTO"),"1:00",0) -> 1:00 | N57: =+IF(I57="ASUETO-D",8/24,IF(I57="ASUETO-N",6/24,MOD(L57-M57,1))) -> 0.375 | O57: =+O63 -> 0-5-2 | P57: =+IF(AND(Y57="Domingo",U57=7),_xlfn.XLOOKUP(O57,'Horarios y Sistemas'!C:C,'Horarios y Sistemas'!H:H,0,0,1),0) -> 0 | Q57: =IF(U57=U58,0,IF(AVERAGEIF(W:W,W57,U:U)=U57,0,_xlfn.XLOOKUP(O57,'Horarios y Sistemas'!C:C,'Horarios y Sistemas'!H:H,0,0,1)-P57))/7*U57 -> 0 | R57: =+IF(Y57="Domingo",SUM(P51:Q57),0) -> 0 | S57: =+UPPER(TEXT(V57,"MMMMMMMM")) -> SEPTIEMBRE | T57: =+"Sem"&W57 -> Sem39 | U57: =+COUNTIF(B:B,B57) -> 7 | V57: 46286 | W57: =+_xlfn.ISOWEEKNUM(V57) -> 39 | X57: =+DAY(V57) -> 21 | Y57: Lunes | Z57: 1 | AA57: =+IF($I57=AA$7,1,0) -> 0 | AB57: =+IF($I57=AB$7,1,0) -> 1 | AC57: =+IF($I57=AC$7,1,0) -> 0 | AD57: =+IF($I57=AD$7,1,0) -> 0 | AE57: =+IF($I57=AE$7,1,0) -> 0
B58: =+T58&W58&H58 -> Sem3939BAYRON AMILCAR JIMENEZ VEGA | C58: =+S58&T58 -> SEPTIEMBRESem39 | D58: =+S58&T58&H58 -> SEPTIEMBRESem39BAYRON AMILCAR JIMENEZ VEGA | E58: =+S58&T58&W58&H58 -> SEPTIEMBRESem3939BAYRON AMILCAR JIMENEZ VEGA | F58: =+H58&V58 -> BAYRON AMILCAR JIMENEZ VEGA46287 | H58: BAYRON AMILCAR JIMENEZ VEGA | I58: =+_xlfn.XLOOKUP($H58&$V58,BASEDATOS!$B:$B,BASEDATOS!F:F,0,0,1) -> NOCHE | J58: =+_xlfn.XLOOKUP($H58&$V58,BASEDATOS!$B:$B,BASEDATOS!Q:Q,0,0,1) -> 0.79166667 | K58: =+_xlfn.XLOOKUP($H58&$V58,BASEDATOS!$B:$B,BASEDATOS!R:R,0,0,1) -> 0.20833333 | L58: =+IF(OR(J58="Descanso",J58="AUSENTE",J58="ASUETO"),0,MOD(K58-J58,1)) -> 0.41666667 | M58: =+IF(OR(I58="DIA",I58="NOCHE",I58="MIXTO"),"1:00",0) -> 1:00 | N58: =+IF(I58="ASUETO-D",8/24,IF(I58="ASUETO-N",6/24,MOD(L58-M58,1))) -> 0.375 | O58: =+O63 -> 0-5-2 | P58: =+IF(AND(Y58="Domingo",U58=7),_xlfn.XLOOKUP(O58,'Horarios y Sistemas'!C:C,'Horarios y Sistemas'!H:H,0,0,1),0) -> 0 | Q58: =IF(U58=U59,0,IF(AVERAGEIF(W:W,W58,U:U)=U58,0,_xlfn.XLOOKUP(O58,'Horarios y Sistemas'!C:C,'Horarios y Sistemas'!H:H,0,0,1)-P58))/7*U58 -> 0 | R58: =+IF(Y58="Domingo",SUM(P52:Q58),0) -> 0 | S58: =+UPPER(TEXT(V58,"MMMMMMMM")) -> SEPTIEMBRE | T58: =+"Sem"&W58 -> Sem39 | U58: =+COUNTIF(B:B,B58) -> 7 | V58: 46287 | W58: =+_xlfn.ISOWEEKNUM(V58) -> 39 | X58: =+DAY(V58) -> 22 | Y58: Martes | Z58: 2 | AA58: =+IF($I58=AA$7,1,0) -> 0 | AB58: =+IF($I58=AB$7,1,0) -> 1 | AC58: =+IF($I58=AC$7,1,0) -> 0 | AD58: =+IF($I58=AD$7,1,0) -> 0 | AE58: =+IF($I58=AE$7,1,0) -> 0
